_id,owner,repo,toxicity
jimeh/.emacs.d/1,jimeh,.emacs.d,n
southpolesteve/100-Day-Challenge/5,southpolesteve,100-Day-Challenge,n
railscasts/284-active-admin/1,railscasts,284-active-admin,n
MayhemYDG/4chan-x/102,MayhemYDG,4chan-x,n
gentoomen/4chantoolbox/9,gentoomen,4chantoolbox,n
garlik/4store/52,garlik,4store,n
AFNetworking/AFNetworking/166,AFNetworking,AFNetworking,n
NuckChorris/AMALL/1,NuckChorris,AMALL,n
cityindex-attic/API.log.analysis/1,cityindex-attic,API.log.analysis,n
XoomCode/AcidMaps/13,XoomCode,AcidMaps,n
JakeWharton/ActionBarSherlock/173,JakeWharton,ActionBarSherlock,n
mozilla/Addon-Tests/293,mozilla,Addon-Tests,n
mozilla/Addon-Tests/294,mozilla,Addon-Tests,n
BigNoid/Aeon-Nox/140,BigNoid,Aeon-Nox,n
AeroQuad/AeroQuad/74,AeroQuad,AeroQuad,n
AeroQuad/AeroQuad/75,AeroQuad,AeroQuad,n
FernFerret/AllPay/15,FernFerret,AllPay,n
nicolasgramlich/AndEngineMultiplayerExtension/1,nicolasgramlich,AndEngineMultiplayerExtension,n
SirAnthony/Anicat/27,SirAnthony,Anicat,n
CSS-Tricks/AnythingSlider/250,CSS-Tricks,AnythingSlider,n
drak/AppStore/6,drak,AppStore,n
FeenixServerProject/Archangel_2.4.3_Bugtracker/55,FeenixServerProject,Archangel_2.4.3_Bugtracker,n
ArchipelProject/Archipel/384,ArchipelProject,Archipel,n
taitems/Aristo-jQuery-UI-Theme/46,taitems,Aristo-jQuery-UI-Theme,n
splittingred/Articles/2,splittingred,Articles,n
drpentode/Attachment-on-the-Fly/14,drpentode,Attachment-on-the-Fly,n
auraphp/Aura.Marshal/1,auraphp,Aura.Marshal,n
auraphp/Aura.Marshal/2,auraphp,Aura.Marshal,n
StanHutcheon/AuthGrabber/7,StanHutcheon,AuthGrabber,n
Baystation12/Baystation12/246,Baystation12,Baystation12,n
Baystation12/Baystation12/247,Baystation12,Baystation12,n
Baystation12/Baystation12/248,Baystation12,Baystation12,n
Baystation12/Baystation12/249,Baystation12,Baystation12,n
Baystation12/Baystation12/250,Baystation12,Baystation12,n
Baystation12/Baystation12/252,Baystation12,Baystation12,n
Baystation12/Baystation12/254,Baystation12,Baystation12,n
Baystation12/Baystation12/255,Baystation12,Baystation12,n
Baystation12/Baystation12/256,Baystation12,Baystation12,y
boyzoid/BlogCFC5/1,boyzoid,BlogCFC5,n
bentford/ButtonWars/1,bentford,ButtonWars,n
Byzantium/Byzantium/74,Byzantium,Byzantium,n
unknowner/CAGE/58,unknowner,CAGE,n
cityindex/CIAPI.CS/100,cityindex,CIAPI.CS,n
cityindex/CIAPI.CS/101,cityindex,CIAPI.CS,n
cityindex/CIAPI.CS/102,cityindex,CIAPI.CS,n
cityindex/CIAPI.CS/97,cityindex,CIAPI.CS,n
cityindex/CIAPI.CS/99,cityindex,CIAPI.CS,n
dmwm/CRABClient/3075,dmwm,CRABClient,n
dmwm/CRABClient/3076,dmwm,CRABClient,n
grantovich/CSH-WebNews/47,grantovich,CSH-WebNews,n
jchartrand/CWRCEditor/17,jchartrand,CWRCEditor,n
jchartrand/CWRCEditor/18,jchartrand,CWRCEditor,n
webtechnick/CakePHP-Paypal-IPN-Plugin/5,webtechnick,CakePHP-Paypal-IPN-Plugin,n
uci-sdcl/CalicoClient/31,uci-sdcl,CalicoClient,n
uci-sdcl/CalicoClient/33,uci-sdcl,CalicoClient,n
localprojects/Change-By-Us/22,localprojects,Change-By-Us,n
evanmiller/ChicagoBoss/54,evanmiller,ChicagoBoss,n
evanmiller/ChicagoBoss/55,evanmiller,ChicagoBoss,n
Codisimus/ChunkOwn/1,Codisimus,ChunkOwn,n
cinder/Cinder/123,cinder,Cinder,n
cinder/Cinder/124,cinder,Cinder,n
linuxmint/Cinnamon/124,linuxmint,Cinnamon,n
linuxmint/Cinnamon/125,linuxmint,Cinnamon,n
linuxmint/Cinnamon/126,linuxmint,Cinnamon,n
CitizensDev/Citizens/600,CitizensDev,Citizens,n
CocoaPods/CocoaPods/103,CocoaPods,CocoaPods,n
benedmunds/CodeIgniter-Ion-Auth/153,benedmunds,CodeIgniter-Ion-Auth,n
EllisLab/CodeIgniter/899,EllisLab,CodeIgniter,n
EllisLab/CodeIgniter/901,EllisLab,CodeIgniter,n
EllisLab/CodeIgniter/902,EllisLab,CodeIgniter,n
EllisLab/CodeIgniter/903,EllisLab,CodeIgniter,n
EllisLab/CodeIgniter/904,EllisLab,CodeIgniter,n
EllisLab/CodeIgniter/905,EllisLab,CodeIgniter,n
EllisLab/CodeIgniter/906,EllisLab,CodeIgniter,n
EllisLab/CodeIgniter/907,EllisLab,CodeIgniter,n
EllisLab/CodeIgniter/908,EllisLab,CodeIgniter,n
EllisLab/CodeIgniter/909,EllisLab,CodeIgniter,n
bcit-ci/CodeIgniter/901,bcit-ci,CodeIgniter,n
bcit-ci/CodeIgniter/902,bcit-ci,CodeIgniter,n
bcit-ci/CodeIgniter/903,bcit-ci,CodeIgniter,n
bcit-ci/CodeIgniter/904,bcit-ci,CodeIgniter,n
bcit-ci/CodeIgniter/906,bcit-ci,CodeIgniter,n
bcit-ci/CodeIgniter/908,bcit-ci,CodeIgniter,n
marijnh/CodeMirror/319,marijnh,CodeMirror,n
SublimeText/ColdFusion/4,SublimeText,ColdFusion,n
SublimeText/ColdFusion/5,SublimeText,ColdFusion,n
gerstrong/Commander-Genius/16,gerstrong,Commander-Genius,n
gerstrong/Commander-Genius/17,gerstrong,Commander-Genius,n
gerstrong/Commander-Genius/18,gerstrong,Commander-Genius,n
CouchPotato/CouchPotatoServer/65,CouchPotato,CouchPotatoServer,n
CouchPotato/CouchPotatoServer/66,CouchPotato,CouchPotatoServer,n
Bukkit/CraftBukkit/619,Bukkit,CraftBukkit,n
Bukkit/CraftBukkit/620,Bukkit,CraftBukkit,n
craftyjs/Crafty/172,craftyjs,Crafty,n
ccnet/CruiseControl.NET/43,ccnet,CruiseControl.NET,n
ccnet/CruiseControl.NET/44,ccnet,CruiseControl.NET,n
ccnet/CruiseControl.NET/45,ccnet,CruiseControl.NET,n
ccnet/CruiseControl.NET/47,ccnet,CruiseControl.NET,n
jaredatch/Custom-Metaboxes-and-Fields-for-WordPress/85,jaredatch,Custom-Metaboxes-and-Fields-for-WordPress,n
dmwm/DAS/3071,dmwm,DAS,n
dmwm/DAS/3073,dmwm,DAS,n
DIRACGrid/DIRAC/404,DIRACGrid,DIRAC,n
DIRACGrid/DIRAC/405,DIRACGrid,DIRAC,n
DIRACGrid/DIRAC/406,DIRACGrid,DIRAC,n
Cocoanetics/DTCoreText/102,Cocoanetics,DTCoreText,n
PerlDancer/Dancer/723,PerlDancer,Dancer,n
sukria/Dancer/723,sukria,Dancer,n
kenfar/DataGristle/13,kenfar,DataGristle,n
dbowen/Demiurgic-JSON-RPC/1,dbowen,Demiurgic-JSON-RPC,n
BrightcoveOS/Diamond/15,BrightcoveOS,Diamond,n
BrightcoveOS/Diamond/16,BrightcoveOS,Diamond,n
JakeWharton/DiskLruCache/3,JakeWharton,DiskLruCache,n
doctrine/DoctrineBundle/4,doctrine,DoctrineBundle,n
doctrine/DoctrineBundle/5,doctrine,DoctrineBundle,n
doctrine/DoctrineFixturesBundle/24,doctrine,DoctrineFixturesBundle,n
doctrine/DoctrineFixturesBundle/26,doctrine,DoctrineFixturesBundle,n
doctrine/DoctrineMongoDBBundle/73,doctrine,DoctrineMongoDBBundle,n
Code52/DownmarkerWPF/48,Code52,DownmarkerWPF,n
excelwebzone/EWZSearchBundle/4,excelwebzone,EWZSearchBundle,n
EcomDev/EcomDev_PHPUnit/16,EcomDev,EcomDev_PHPUnit,n
Elgg/Elgg/137,Elgg,Elgg,n
Elgg/Elgg/138,Elgg,Elgg,n
Elgg/Elgg/141,Elgg,Elgg,n
Fishrock123/EntitySuppressor/1,Fishrock123,EntitySuppressor,n
Eyescale/Equalizer/78,Eyescale,Equalizer,n
Eyescale/Equalizer/79,Eyescale,Equalizer,n
hij1nx/EventEmitter2/45,hij1nx,EventEmitter2,n
Groundwire/EventbriteSync/10,Groundwire,EventbriteSync,n
Groundwire/EventbriteSync/11,Groundwire,EventbriteSync,n
Groundwire/EventbriteSync/12,Groundwire,EventbriteSync,n
Groundwire/EventbriteSync/13,Groundwire,EventbriteSync,n
Groundwire/EventbriteSync/4,Groundwire,EventbriteSync,n
Groundwire/EventbriteSync/5,Groundwire,EventbriteSync,n
Groundwire/EventbriteSync/6,Groundwire,EventbriteSync,n
Groundwire/EventbriteSync/7,Groundwire,EventbriteSync,n
Groundwire/EventbriteSync/8,Groundwire,EventbriteSync,n
Groundwire/EventbriteSync/9,Groundwire,EventbriteSync,n
geometer/FBReaderJ/26,geometer,FBReaderJ,n
FriendsOfSymfony/FOSCommentBundle/102,FriendsOfSymfony,FOSCommentBundle,n
FriendsOfSymfony/FOSUserBundle/478,FriendsOfSymfony,FOSUserBundle,n
FriendsOfSymfony/FOSUserBundle/479,FriendsOfSymfony,FOSUserBundle,n
ChrisMarinos/FSharpKoans/4,ChrisMarinos,FSharpKoans,n
daylightstudio/FUEL-CMS/119,daylightstudio,FUEL-CMS,n
escay/Facttype/27,escay,Facttype,n
sprenger120/FastCraft/44,sprenger120,FastCraft,n
sprenger120/FastCraft/45,sprenger120,FastCraft,n
miyagawa/Filesys-Notify-Simple/6,miyagawa,Filesys-Notify-Simple,n
Nuku/Flexible-Survival/100,Nuku,Flexible-Survival,n
moredip/Frank/64,moredip,Frank,n
FreeRDP/FreeRDP/332,FreeRDP,FreeRDP,n
FreeRDP/FreeRDP/333,FreeRDP,FreeRDP,n
FreeRDP/FreeRDP/334,FreeRDP,FreeRDP,n
FreeRDP/FreeRDP/336,FreeRDP,FreeRDP,n
Sweil/Frogsystem-2/41,Sweil,Frogsystem-2,n
mausch/Fuchu/4,mausch,Fuchu,n
Keruspe/GPaste/23,Keruspe,GPaste,n
blackberry/GamePlay/13,blackberry,GamePlay,n
lianos/GenomicCache/3,lianos,GenomicCache,n
willdurand/Geocoder/54,willdurand,Geocoder,y
cmcculloh/GitScripts/1,cmcculloh,GitScripts,n
cmcculloh/GitScripts/10,cmcculloh,GitScripts,n
cmcculloh/GitScripts/11,cmcculloh,GitScripts,n
cmcculloh/GitScripts/12,cmcculloh,GitScripts,n
cmcculloh/GitScripts/13,cmcculloh,GitScripts,n
cmcculloh/GitScripts/2,cmcculloh,GitScripts,n
cmcculloh/GitScripts/3,cmcculloh,GitScripts,n
cmcculloh/GitScripts/4,cmcculloh,GitScripts,n
cmcculloh/GitScripts/5,cmcculloh,GitScripts,n
cmcculloh/GitScripts/6,cmcculloh,GitScripts,n
cmcculloh/GitScripts/7,cmcculloh,GitScripts,n
cmcculloh/GitScripts/8,cmcculloh,GitScripts,n
cmcculloh/GitScripts/9,cmcculloh,GitScripts,n
GiveCampUK/GiveCRM/81,GiveCampUK,GiveCRM,n
DisposaBoy/GoSublime/23,DisposaBoy,GoSublime,n
DisposaBoy/GoSublime/24,DisposaBoy,GoSublime,n
apneadiving/Google-Maps-for-Rails/137,apneadiving,Google-Maps-for-Rails,n
apneadiving/Google-Maps-for-Rails/138,apneadiving,Google-Maps-for-Rails,n
hpcc-systems/HPCC-Platform/1200,hpcc-systems,HPCC-Platform,n
hpcc-systems/HPCC-Platform/1203,hpcc-systems,HPCC-Platform,n
hpcc-systems/HPCC-Platform/1204,hpcc-systems,HPCC-Platform,n
hpcc-systems/HPCC-Platform/1205,hpcc-systems,HPCC-Platform,n
interactive-matter/HTTPClient/4,interactive-matter,HTTPClient,n
pear/Image_Canvas/1,pear,Image_Canvas,n
Kaikz/InstaMode/1,Kaikz,InstaMode,n
edwardcapriolo/IronCount/2,edwardcapriolo,IronCount,n
egeloen/IvoryCKEditorBundle/1,egeloen,IvoryCKEditorBundle,n
seznam/JAK/21,seznam,JAK,n
davidfowl/JabbR/287,davidfowl,JabbR,n
peter-lawrey/Java-Thread-Affinity/7,peter-lawrey,Java-Thread-Affinity,n
blueimp/JavaScript-Load-Image/1,blueimp,JavaScript-Load-Image,n
tapmodo/Jcrop/23,tapmodo,Jcrop,n
thedudeguy/JukeIt/72,thedudeguy,JukeIt,n
kif-framework/KIF/104,kif-framework,KIF,n
square/KIF/104,square,KIF,n
rwhitmire/KendoGridBinder/6,rwhitmire,KendoGridBinder,n
tekezo/KeyRemap4MacBook/59,tekezo,KeyRemap4MacBook,n
KnpLabs/KnpTimeBundle/6,KnpLabs,KnpTimeBundle,n
kobolabs/Kobo-Reader/7,kobolabs,Kobo-Reader,n
LibreCAD/LibreCAD/273,LibreCAD,LibreCAD,n
LibreCAD/LibreCAD/274,LibreCAD,LibreCAD,n
liip/LiipHelloBundle/4,liip,LiipHelloBundle,n
liip/LiipImagineBundle/45,liip,LiipImagineBundle,n
liip/LiipThemeBundle/18,liip,LiipThemeBundle,n
Litotex/Litotex-0.8/6,Litotex,Litotex-0.8,n
Litotex/Litotex-0.8/7,Litotex,Litotex-0.8,n
LockerProject/Locker/536,LockerProject,Locker,n
MPExtended/MPExtended/136,MPExtended,MPExtended,n
MPExtended/MPExtended/137,MPExtended,MPExtended,n
MPExtended/MPExtended/138,MPExtended,MPExtended,n
Portugao/MUTicket/10,Portugao,MUTicket,n
Portugao/MUTicket/7,Portugao,MUTicket,n
Portugao/MUTicket/8,Portugao,MUTicket,n
Portugao/MUTicket/9,Portugao,MUTicket,n
magic-fields-team/Magic-Fields-2/100,magic-fields-team,Magic-Fields-2,n
mronge/MailCore/7,mronge,MailCore,n
bibakis/Mainframe/1,bibakis,Mainframe,n
tnelson/Margrave/81,tnelson,Margrave,n
tnelson/Margrave/82,tnelson,Margrave,n
tnelson/Margrave/83,tnelson,Margrave,n
justinvh/Markdown-LaTeX/4,justinvh,Markdown-LaTeX,n
marick/Midje/86,marick,Midje,n
quandtm/Milestone/32,quandtm,Milestone,n
Behat/Mink/163,Behat,Mink,n
Behat/Mink/164,Behat,Mink,n
ModDamage/ModDamage/152,ModDamage,ModDamage,n
ModelSEED/Model-SEED-core/123,ModelSEED,Model-SEED-core,n
ModelSEED/Model-SEED-core/124,ModelSEED,Model-SEED-core,n
jeromelebel/MongoHub-Mac/21,jeromelebel,MongoHub-Mac,n
MonoGame/MonoGame/189,MonoGame,MonoGame,n
phiamo/MopaBootstrapBundle/20,phiamo,MopaBootstrapBundle,n
Lothy/MoparClassic/74,Lothy,MoparClassic,n
Lothy/MoparClassic/75,Lothy,MoparClassic,n
Lothy/MoparClassic/76,Lothy,MoparClassic,n
Lothy/MoparClassic/77,Lothy,MoparClassic,n
Lothy/MoparClassic/78,Lothy,MoparClassic,n
Lothy/MoparClassic/79,Lothy,MoparClassic,n
Lothy/MoparClassic/80,Lothy,MoparClassic,n
CSS-Tricks/MovingBoxes/59,CSS-Tricks,MovingBoxes,n
rochacbruno/Movuca/2,rochacbruno,Movuca,n
teragonaudio/MrsWatson/29,teragonaudio,MrsWatson,n
teragonaudio/MrsWatson/30,teragonaudio,MrsWatson,n
teragonaudio/MrsWatson/31,teragonaudio,MrsWatson,n
teragonaudio/MrsWatson/32,teragonaudio,MrsWatson,n
teragonaudio/MrsWatson/33,teragonaudio,MrsWatson,n
Multiverse/Multiverse-Core/386,Multiverse,Multiverse-Core,n
Multiverse/Multiverse-SignPortals/18,Multiverse,Multiverse-SignPortals,n
jason2506/MusicTube/1,jason2506,MusicTube,n
maartenba/MvcSiteMapProvider/12,maartenba,MvcSiteMapProvider,n
maartenba/MvcSiteMapProvider/13,maartenba,MvcSiteMapProvider,n
NancyFx/Nancy/469,NancyFx,Nancy,n
SepiaGroup/Neo4jRestNet/8,SepiaGroup,Neo4jRestNet,n
NetLogo/NetLogo/49,NetLogo,NetLogo,n
NetOfficeFw/NetOffice/40,NetOfficeFw,NetOffice,n
NetOfficeFw/NetOffice/41,NetOfficeFw,NetOffice,n
NuGet/NuGetGallery/382,NuGet,NuGetGallery,n
NuGet/NuGetGallery/383,NuGet,NuGetGallery,n
NuGet/NuGetGallery/384,NuGet,NuGetGallery,n
mck-/Open-VRP/6,mck-,Open-VRP,n
markwj/Open-Vehicle-Monitoring-System/23,markwj,Open-Vehicle-Monitoring-System,n
markwj/Open-Vehicle-Monitoring-System/24,markwj,Open-Vehicle-Monitoring-System,n
markwj/Open-Vehicle-Monitoring-System/25,markwj,Open-Vehicle-Monitoring-System,n
markwj/Open-Vehicle-Monitoring-System/26,markwj,Open-Vehicle-Monitoring-System,n
markwj/Open-Vehicle-Monitoring-System/27,markwj,Open-Vehicle-Monitoring-System,n
markwj/Open-Vehicle-Monitoring-System/28,markwj,Open-Vehicle-Monitoring-System,n
OpenELEC/OpenELEC.tv/109,OpenELEC,OpenELEC.tv,n
OpenMDAO/OpenMDAO-Framework/771,OpenMDAO,OpenMDAO-Framework,n
bwallace/OpenMeta-analyst-/148,bwallace,OpenMeta-analyst-,n
OpenSC/OpenSC/14,OpenSC,OpenSC,n
OpenSC/OpenSC/15,OpenSC,OpenSC,n
oferfrid/OscarLib/2,oferfrid,OscarLib,n
oferfrid/OscarLib/3,oferfrid,OscarLib,n
osclass/Osclass/108,osclass,Osclass,n
osclass/Osclass/109,osclass,Osclass,n
Andrewsville/PHP-Token-Reflection/34,Andrewsville,PHP-Token-Reflection,n
squizlabs/PHP_CodeSniffer/10,squizlabs,PHP_CodeSniffer,y
TheBizzle/PathFinding/15,TheBizzle,PathFinding,n
FeenixServerProject/Phoenix_1.12_Bugtracker/498,FeenixServerProject,Phoenix_1.12_Bugtracker,n
FeenixServerProject/Phoenix_1.12_Bugtracker/501,FeenixServerProject,Phoenix_1.12_Bugtracker,n
codecomputerlove/PhotoSwipe/234,codecomputerlove,PhotoSwipe,n
codecomputerlove/PhotoSwipe/235,codecomputerlove,PhotoSwipe,n
codecomputerlove/PhotoSwipe/236,codecomputerlove,PhotoSwipe,n
dimsemenov/PhotoSwipe/235,dimsemenov,PhotoSwipe,n
dimsemenov/PhotoSwipe/236,dimsemenov,PhotoSwipe,n
Pixen/Pixen/130,Pixen,Pixen,n
plack/Plack-Middleware-Session/9,plack,Plack-Middleware-Session,n
H-uru/Plasma/115,H-uru,Plasma,n
FacialTurd/PowderToypp/1,FacialTurd,PowderToypp,n
kliment/Printrun/153,kliment,Printrun,n
kliment/Printrun/154,kliment,Printrun,n
kliment/Printrun/155,kliment,Printrun,n
kliment/Printrun/156,kliment,Printrun,n
giesse/Project-SnowBall/1,giesse,Project-SnowBall,n
giesse/Project-SnowBall/2,giesse,Project-SnowBall,n
propelorm/Propel/253,propelorm,Propel,n
FauxFaux/PuTTYTray/14,FauxFaux,PuTTYTray,n
escoz/QuickDialog/44,escoz,QuickDialog,n
koush/ROMManagerManifest/356,koush,ROMManagerManifest,n
eisental/RedstoneChips/23,eisental,RedstoneChips,n
eisental/RedstoneChips/24,eisental,RedstoneChips,n
remotecp/RemoteCP/7,remotecp,RemoteCP,n
remotecp/RemoteCP/8,remotecp,RemoteCP,n
makerbot/ReplicatorG/256,makerbot,ReplicatorG,n
ophrescue/RescueRails/62,ophrescue,RescueRails,n
RestKit/RestKit/496,RestKit,RestKit,n
RestKit/RestKit/497,RestKit,RestKit,n
RestKit/RestKit/498,RestKit,RestKit,n
blackberry/Ripple-UI/264,blackberry,Ripple-UI,n
blackberry/Ripple-UI/265,blackberry,Ripple-UI,n
monitisexchange/Ruby-SDK/1,monitisexchange,Ruby-SDK,n
thorfroelich/SLPickerView/1,thorfroelich,SLPickerView,n
kwylez/SMS-Message-Bubbles/1,kwylez,SMS-Message-Bubbles,n
cassell/SQLicious/1,cassell,SQLicious,n
cassell/SQLicious/2,cassell,SQLicious,n
robotframework/Selenium2Library/30,robotframework,Selenium2Library,n
robotframework/Selenium2Library/31,robotframework,Selenium2Library,n
sensio/SensioGeneratorBundle/95,sensio,SensioGeneratorBundle,n
avin2/SensorKinect/1,avin2,SensorKinect,n
seanmonstar/ServiceDroid/84,seanmonstar,ServiceDroid,n
ShareKit/ShareKit/170,ShareKit,ShareKit,n
ShareKit/ShareKit/171,ShareKit,ShareKit,n
ShareKit/ShareKit/172,ShareKit,ShareKit,n
ShareKit/ShareKit/173,ShareKit,ShareKit,n
midgetspy/Sick-Beard/273,midgetspy,Sick-Beard,n
SignalR/SignalR/119,SignalR,SignalR,n
arauchfuss/Simple-Comic/75,arauchfuss,Simple-Comic,n
SimpleServer/SimpleServer/219,SimpleServer,SimpleServer,n
plamoni/SiriProxy/268,plamoni,SiriProxy,n
ProjectSkyfire/SkyFireEMU/61,ProjectSkyfire,SkyFireEMU,n
ProjectSkyfire/SkyFireEMU/62,ProjectSkyfire,SkyFireEMU,n
ProjectSkyfire/SkyFireEMU/63,ProjectSkyfire,SkyFireEMU,n
ProjectSkyfire/SkyFireEMU/64,ProjectSkyfire,SkyFireEMU,n
ProjectSkyfire/SkyFireEMU/65,ProjectSkyfire,SkyFireEMU,n
Technius/SkyrimRPG/2,Technius,SkyrimRPG,n
alexrj/Slic3r/154,alexrj,Slic3r,n
alexrj/Slic3r/155,alexrj,Slic3r,n
alexrj/Slic3r/156,alexrj,Slic3r,n
codeguy/Slim/218,codeguy,Slim,n
WardCunningham/Smallest-Federated-Wiki/81,WardCunningham,Smallest-Federated-Wiki,n
mozilla/Socorro-Tests/74,mozilla,Socorro-Tests,n
mozilla/Socorro-Tests/75,mozilla,Socorro-Tests,n
mozilla/Socorro-Tests/77,mozilla,Socorro-Tests,n
mozilla/Socorro-Tests/78,mozilla,Socorro-Tests,n
mozilla/Socorro-Tests/79,mozilla,Socorro-Tests,n
sonata-project/SonataDoctrineORMAdminBundle/32,sonata-project,SonataDoctrineORMAdminBundle,n
sonata-project/SonataDoctrinePhpcrAdminBundle/19,sonata-project,SonataDoctrinePhpcrAdminBundle,n
sonata-project/SonataNewsBundle/42,sonata-project,SonataNewsBundle,n
Singular/Sources/41,Singular,Sources,n
SpaceDev/SpaceBukkit/86,SpaceDev,SpaceBukkit,n
hbons/SparkleShare/516,hbons,SparkleShare,n
hbons/SparkleShare/517,hbons,SparkleShare,n
hbons/SparkleShare/518,hbons,SparkleShare,n
wimh/SparkleShare/27,wimh,SparkleShare,n
cspray/SprayFire/77,cspray,SprayFire,n
cspray/SprayFire/79,cspray,SprayFire,n
cspray/SprayFire/80,cspray,SprayFire,n
cspray/SprayFire/81,cspray,SprayFire,n
cspray/SprayFire/82,cspray,SprayFire,n
cspray/SprayFire/83,cspray,SprayFire,n
Kronuz/SublimeCodeIntel/77,Kronuz,SublimeCodeIntel,n
Kronuz/SublimeCodeIntel/78,Kronuz,SublimeCodeIntel,n
SublimeText/SublimeHg/6,SublimeText,SublimeHg,n
SublimeText/SublimeHg/7,SublimeText,SublimeHg,n
robcowie/SublimeTODO/6,robcowie,SublimeTODO,n
andrewplummer/Sugar/87,andrewplummer,Sugar,n
andrewplummer/Sugar/88,andrewplummer,Sugar,n
Sciss/SwingOSC/5,Sciss,SwingOSC,n
Sciss/SwingOSC/6,Sciss,SwingOSC,n
opensky/Symfony2-coding-standard/15,opensky,Symfony2-coding-standard,n
JetBrains/TeamCity.ServiceMessages/1,JetBrains,TeamCity.ServiceMessages,n
nilsteampassnet/TeamPass/1,nilsteampassnet,TeamPass,n
nilsteampassnet/TeamPass/2,nilsteampassnet,TeamPass,n
nilsteampassnet/TeamPass/3,nilsteampassnet,TeamPass,n
nilsteampassnet/TeamPass/4,nilsteampassnet,TeamPass,n
nilsteampassnet/TeamPass/5,nilsteampassnet,TeamPass,n
nilsteampassnet/TeamPass/6,nilsteampassnet,TeamPass,n
nilsteampassnet/TeamPass/7,nilsteampassnet,TeamPass,n
nilsteampassnet/TeamPass/8,nilsteampassnet,TeamPass,n
Konzertheld/TheViewInside/22,Konzertheld,TheViewInside,n
habari-extras/TheViewInside/22,habari-extras,TheViewInside,n
habari-extras/TheViewInside/23,habari-extras,TheViewInside,n
Theano/Theano/323,Theano,Theano,n
sni/Thruk/61,sni,Thruk,n
anitagraser/TimeManager/18,anitagraser,TimeManager,n
ovidiucp/TinyWebServer/3,ovidiucp,TinyWebServer,n
couchbaselabs/TouchDB-iOS/23,couchbaselabs,TouchDB-iOS,n
TrinityCore/TrinityCore/4733,TrinityCore,TrinityCore,n
TrinityCore/TrinityCore/4734,TrinityCore,TrinityCore,n
TrinityCore/TrinityCore/4735,TrinityCore,TrinityCore,n
TrinityCore/TrinityCore/4736,TrinityCore,TrinityCore,n
TrinityCore/TrinityCore/4737,TrinityCore,TrinityCore,n
TrinityCore/TrinityCore/4738,TrinityCore,TrinityCore,n
TrinityCore/TrinityCore/4739,TrinityCore,TrinityCore,n
TrinityCore/TrinityCore/4740,TrinityCore,TrinityCore,n
TrinityCore/TrinityCore/4741,TrinityCore,TrinityCore,n
TrinityCore/TrinityCore/4742,TrinityCore,TrinityCore,n
TrinityCore/TrinityCore/4744,TrinityCore,TrinityCore,n
TrinityCore/TrinityCore/4746,TrinityCore,TrinityCore,n
TrinityCore/TrinityCore/4747,TrinityCore,TrinityCore,n
TrinityCore/TrinityCore/4748,TrinityCore,TrinityCore,n
TrinityCore/TrinityCore/4749,TrinityCore,TrinityCore,n
TrinityCore/TrinityCore/4750,TrinityCore,TrinityCore,n
TrinityCore/TrinityCore/4751,TrinityCore,TrinityCore,n
TrinityCore/TrinityCore/4752,TrinityCore,TrinityCore,n
TrinityCore/TrinityCore/4754,TrinityCore,TrinityCore,n
TrinityCore/TrinityCore/4755,TrinityCore,TrinityCore,n
fabpot/Twig/588,fabpot,Twig,n
DirectEmployers/UI-Framework/4,DirectEmployers,UI-Framework,n
gekitz/UIDevice-with-UniqueIdentifier-for-iOS-5/6,gekitz,UIDevice-with-UniqueIdentifier-for-iOS-5,n
mishoo/UglifyJS/298,mishoo,UglifyJS,n
ushahidi/Ushahidi_Web/166,ushahidi,Ushahidi_Web,n
MilkBowl/Vault/56,MilkBowl,Vault,n
MilkBowl/Vault/57,MilkBowl,Vault,n
MilkBowl/Vault/58,MilkBowl,Vault,n
vespolina/VespolinaProductBundle/56,vespolina,VespolinaProductBundle,n
WISE-Community/WISE-Portal/20,WISE-Community,WISE-Portal,n
dmwm/WMCore/3072,dmwm,WMCore,n
dyoo/WeScheme/40,dyoo,WeScheme,n
kellypleahy/WebUIResharper/3,kellypleahy,WebUIResharper,n
blackberry-webworks/WebWorks-API-Docs/68,blackberry-webworks,WebWorks-API-Docs,n
blackberry/WebWorks-API-Docs/284,blackberry,WebWorks-API-Docs,n
blackberry/WebWorks-API-Docs/286,blackberry,WebWorks-API-Docs,n
blackberry/WebWorks-API-Docs/287,blackberry,WebWorks-API-Docs,n
blackberry/WebWorks-API-Docs/288,blackberry,WebWorks-API-Docs,n
blackberry/WebWorks-Community-APIs/33,blackberry,WebWorks-Community-APIs,n
sirleech/Webduino/13,sirleech,Webduino,n
sirleech/Webduino/14,sirleech,Webduino,n
sirleech/Webduino/16,sirleech,Webduino,n
urbanadventurer/WhatWeb/64,urbanadventurer,WhatWeb,n
wikimedia/WikipediaMobile/102,wikimedia,WikipediaMobile,n
WiringProject/Wiring/9,WiringProject,Wiring,n
cognidox/WordBridge/20,cognidox,WordBridge,n
SublimeText/WordHighlight/23,SublimeText,WordHighlight,n
richardbenson/YAMS/34,richardbenson,YAMS,n
kbond/ZenstruckContentBundle/6,kbond,ZenstruckContentBundle,n
ajaxorg/ace/608,ajaxorg,ace,n
ajaxorg/ace/609,ajaxorg,ace,n
ajaxorg/ace/610,ajaxorg,ace,n
ajaxorg/ace/611,ajaxorg,ace,n
activemerchant/active_merchant/246,activemerchant,active_merchant,n
activemerchant/active_merchant/247,activemerchant,active_merchant,n
activescaffold/active_scaffold/114,activescaffold,active_scaffold,n
akbertram/activityinfo/128,akbertram,activityinfo,n
akbertram/activityinfo/129,akbertram,activityinfo,n
akbertram/activityinfo/130,akbertram,activityinfo,n
akbertram/activityinfo/131,akbertram,activityinfo,n
mbleigh/acts-as-taggable-on/218,mbleigh,acts-as-taggable-on,n
rubenrails/acts_as_opengraph/6,rubenrails,acts_as_opengraph,n
mozilla/addon-sdk/322,mozilla,addon-sdk,n
mozilla/addon-sdk/323,mozilla,addon-sdk,n
mozilla/addon-sdk/324,mozilla,addon-sdk,n
mozilla/affiliates/78,mozilla,affiliates,n
dcaoyuan/aiotrade/1,dcaoyuan,aiotrade,n
akka/akka/205,akka,akka,n
akka/akka/206,akka,akka,n
mysociety/alaveteli/323,mysociety,alaveteli,n
mysociety/alaveteli/324,mysociety,alaveteli,n
magiclabs/alchemy_cms/138,magiclabs,alchemy_cms,n
ztellman/aleph/47,ztellman,aleph,n
pazz/alot/243,pazz,alot,n
pazz/alot/244,pazz,alot,n
pazz/alot/245,pazz,alot,n
pazz/alot/246,pazz,alot,n
pazz/alot/247,pazz,alot,n
ample/ample_assets/5,ample,ample_assets,n
ample/ample_assets/6,ample,ample_assets,n
ample/ample_assets/7,ample,ample_assets,n
frenchy64/analyze/5,frenchy64,analyze,n
johannilsson/android-actionbar/51,johannilsson,android-actionbar,n
liato/android-bankdroid/126,liato,android-bankdroid,n
serso/android-calculatorpp/49,serso,android-calculatorpp,n
doffm/android-dragarea/1,doffm,android-dragarea,n
dlew/android-ragefaces/92,dlew,android-ragefaces,n
mozilla-services/android-sync/8,mozilla-services,android-sync,n
androidannotations/androidannotations/43,androidannotations,androidannotations,n
mdom/app-siesh/1,mdom,app-siesh,n
audiosocket/appetizer-ui/3,audiosocket,appetizer-ui,n
jupiter-jazz/appleseed/119,jupiter-jazz,appleseed,n
jupiter-jazz/appleseed/120,jupiter-jazz,appleseed,n
Arachni/arachni/130,Arachni,arachni,n
Arachni/arachni/131,Arachni,arachni,n
Arachni/arachni/132,Arachni,arachni,n
Arachni/arachni/133,Arachni,arachni,n
facebook/arcanist/11,facebook,arcanist,n
queezythegreat/arduino-cmake/12,queezythegreat,arduino-cmake,n
sickill/ascii.io/5,sickill,ascii.io,n
sickill/ascii.io/6,sickill,ascii.io,n
ASKBOT/askbot-devel/46,ASKBOT,askbot-devel,n
markstory/asset_compress/92,markstory,asset_compress,n
One-com/assetgraph/45,One-com,assetgraph,n
symfony/assetic-bundle/56,symfony,assetic-bundle,n
astropy/astropy/125,astropy,astropy,n
Atmosphere/atmosphere/140,Atmosphere,atmosphere,n
Atmosphere/atmosphere/141,Atmosphere,atmosphere,n
gt-webdev/attendance/63,gt-webdev,attendance,n
krishicks/attribute-cartographer/9,krishicks,attribute-cartographer,n
olivernn/augment.js/9,olivernn,augment.js,n
sk2/autonetkit/126,sk2,autonetkit,n
terceiro/awesome-freedesktop/8,terceiro,awesome-freedesktop,n
awestruct/awestruct/62,awestruct,awestruct,n
hemantic/azurie/78,hemantic,azurie,n
iffa/bSpace/92,iffa,bSpace,n
tbranyen/backbone-boilerplate/16,tbranyen,backbone-boilerplate,n
tbranyen/backbone-boilerplate/18,tbranyen,backbone-boilerplate,n
tbranyen/backbone-boilerplate/19,tbranyen,backbone-boilerplate,n
tbranyen/backbone-boilerplate/20,tbranyen,backbone-boilerplate,n
adambair/backbone-bootstrap/2,adambair,backbone-bootstrap,n
addyosmani/backbone-fundamentals/42,addyosmani,backbone-fundamentals,n
addyosmani/backbone-fundamentals/43,addyosmani,backbone-fundamentals,n
codebrew/backbone-rails/85,codebrew,backbone-rails,n
derickbailey/backbone.memento/11,derickbailey,backbone.memento,n
thedersen/backbone.validation/11,thedersen,backbone.validation,n
documentcloud/backbone/850,documentcloud,backbone,n
documentcloud/backbone/851,documentcloud,backbone,n
Simbul/baker/271,Simbul,baker,n
Simbul/baker/272,Simbul,baker,n
Simbul/baker/273,Simbul,baker,n
nin9creative/baker/25,nin9creative,baker,n
squallstar/bancha/88,squallstar,bancha,n
squallstar/bancha/89,squallstar,bancha,n
poblish/bannedList-Plugin/1,poblish,bannedList-Plugin,n
poblish/bannedList-Plugin/2,poblish,bannedList-Plugin,n
poblish/bannedList-Plugin/3,poblish,bannedList-Plugin,n
poblish/bannedList-Plugin/4,poblish,bannedList-Plugin,n
BaseXdb/basex/331,BaseXdb,basex,n
crigor/bayaninhand/14,crigor,bayaninhand,n
SciLifeLab/bcbb/80,SciLifeLab,bcbb,n
SciLifeLab/bcbb/81,SciLifeLab,bcbb,n
fat/bean/51,fat,bean,n
beefproject/beef/596,beefproject,beef,n
thelema/bench/3,thelema,bench,n
bernat/best_in_place/78,bernat,best_in_place,n
thomasleveil/big-brother-bot/56,thomasleveil,big-brother-bot,n
bigcommerce/bigcommerce-api-python/1,bigcommerce,bigcommerce-api-python,n
openmicroscopy/bioformats/5,openmicroscopy,bioformats,n
openmicroscopy/bioformats/6,openmicroscopy,bioformats,n
openmicroscopy/bioformats/7,openmicroscopy,bioformats,n
bitcoin-dot-org/bitcoin.org/13,bitcoin-dot-org,bitcoin.org,n
bitcoin/bitcoin/751,bitcoin,bitcoin,n
bndtools/bnd/128,bndtools,bnd,n
ded/bonzo/64,ded,bonzo,n
blueheadpublishing/bookshop/25,blueheadpublishing,bookshop,n
twbs/bootstrap/934,twbs,bootstrap,n
twbs/bootstrap/935,twbs,bootstrap,n
twbs/bootstrap/936,twbs,bootstrap,n
twbs/bootstrap/937,twbs,bootstrap,n
twbs/bootstrap/938,twbs,bootstrap,n
twbs/bootstrap/939,twbs,bootstrap,n
twbs/bootstrap/940,twbs,bootstrap,n
twbs/bootstrap/941,twbs,bootstrap,n
twbs/bootstrap/942,twbs,bootstrap,n
twbs/bootstrap/943,twbs,bootstrap,y
twbs/bootstrap/944,twbs,bootstrap,n
twbs/bootstrap/945,twbs,bootstrap,n
twbs/bootstrap/946,twbs,bootstrap,n
twbs/bootstrap/947,twbs,bootstrap,n
twbs/bootstrap/948,twbs,bootstrap,n
twitter/bootstrap/936,twitter,bootstrap,n
twitter/bootstrap/939,twitter,bootstrap,n
twitter/bootstrap/940,twitter,bootstrap,n
twitter/bootstrap/941,twitter,bootstrap,n
twitter/bootstrap/943,twitter,bootstrap,y
twitter/bootstrap/944,twitter,bootstrap,n
twitter/bootstrap/946,twitter,bootstrap,n
twitter/bootstrap/948,twitter,bootstrap,n
adamtaylor/bot-basicbot-pluggable-module-tea/5,adamtaylor,bot-basicbot-pluggable-module-tea,n
zopaUK/bozo-scripts/12,zopaUK,bozo-scripts,n
adobe/brackets-app/20,adobe,brackets-app,n
adobe/brackets/52,adobe,brackets,n
adobe/brackets/53,adobe,brackets,n
adobe/brackets/54,adobe,brackets,n
adobe/brackets/55,adobe,brackets,n
adobe/brackets/56,adobe,brackets,n
adobe/brackets/57,adobe,brackets,n
adobe/brackets/58,adobe,brackets,n
browsermedia/browsercms/461,browsermedia,browsercms,n
mozilla/browserid/855,mozilla,browserid,n
boonebgorges/buddypress-docs/164,boonebgorges,buddypress-docs,n
buildbot/buildbot/297,buildbot,buildbot,n
bundler/bundler/1618,bundler,bundler,n
bundler/bundler/1619,bundler,bundler,n
carlhuda/bundler/1618,carlhuda,bundler,n
carlhuda/bundler/1619,carlhuda,bundler,n
abedra/bungle-o/1,abedra,bungle-o,n
abedra/bungle-o/2,abedra,bungle-o,n
rbei-etas/busmaster/125,rbei-etas,busmaster,n
cgeo/c-geo-opensource/962,cgeo,c-geo-opensource,n
udoprog/c10t/231,udoprog,c10t,n
camptocamp/c2cgeoportal/35,camptocamp,c2cgeoportal,n
cakephp/cakephp/398,cakephp,cakephp,n
amoore5/campuscms-feature-events/1,amoore5,campuscms-feature-events,n
ryanb/cancan/543,ryanb,cancan,n
ryanb/cancan/544,ryanb,cancan,n
cappuccino/cappuccino/1426,cappuccino,cappuccino,n
cappuccino/cappuccino/1427,cappuccino,cappuccino,n
cappuccino/cappuccino/1428,cappuccino,cappuccino,n
cappuccino/cappuccino/1429,cappuccino,cappuccino,n
jnicklas/capybara/602,jnicklas,capybara,n
jnicklas/capybara/603,jnicklas,capybara,n
miyagawa/carton/37,miyagawa,carton,n
kreynolds/cassandra-cql/25,kreynolds,cassandra-cql,n
data-axle/cassandra_object/8,data-axle,cassandra_object,n
andrewdavey/cassette/131,andrewdavey,cassette,n
andrewdavey/cassette/132,andrewdavey,cassette,n
andrewdavey/cassette/133,andrewdavey,cassette,n
cdk/cdk/15,cdk,cdk,n
celluloid/celluloid-io/2,celluloid,celluloid-io,n
centreon/centreon-syslog-frontend/13,centreon,centreon-syslog-frontend,n
ceylon/ceylon-ide-eclipse/144,ceylon,ceylon-ide-eclipse,n
jordanclark/cfwheels-ValidatesRulesOf/2,jordanclark,cfwheels-ValidatesRulesOf,n
cfwheels/cfwheels/30,cfwheels,cfwheels,n
cgeo/cgeo/962,cgeo,cgeo,n
ckolivas/cgminer/69,ckolivas,cgminer,n
threetee/chef-cookbook-zerigo/1,threetee,chef-cookbook-zerigo,n
opscode/chef/217,opscode,chef,n
mercadolibre/chico/513,mercadolibre,chico,n
fileability/chocolat-public/720,fileability,chocolat-public,n
fileability/chocolat-public/721,fileability,chocolat-public,n
fileability/chocolat-public/722,fileability,chocolat-public,n
NV/chrome-devtools-autosave/14,NV,chrome-devtools-autosave,n
Rip-Rip/clang_complete/115,Rip-Rip,clang_complete,n
Classpro/classpro/100,Classpro,classpro,n
jckarter/clay/169,jckarter,clay,n
jckarter/clay/172,jckarter,clay,n
clever-lang/clever/57,clever-lang,clever,n
barnybug/cli53/26,barnybug,cli53,n
kennethreitz/clint/25,kennethreitz,clint,n
ajaxorg/cloud9/752,ajaxorg,cloud9,n
SpringSource/cloudfoundry-samples/5,SpringSource,cloudfoundry-samples,n
OpenCMISS/cm/73,OpenCMISS,cm,n
symfony-cmf/cmf-sandbox/39,symfony-cmf,cmf-sandbox,n
symfony-cmf/cmf-sandbox/40,symfony-cmf,cmf-sandbox,n
cocos2d/cocos2d-x/659,cocos2d,cocos2d-x,n
cocos2d/cocos2d-x/660,cocos2d,cocos2d-x,n
PavelTyk/code-snippets/5,PavelTyk,code-snippets,n
Codeprogrammers/codecraft-init-script/2,Codeprogrammers,codecraft-init-script,n
philsturgeon/codeigniter-restserver/79,philsturgeon,codeigniter-restserver,n
jashkenas/coffee-script/2017,jashkenas,coffee-script,n
jashkenas/coffee-script/2018,jashkenas,coffee-script,n
jashkenas/coffee-script/2019,jashkenas,coffee-script,n
jashkenas/coffee-script/2020,jashkenas,coffee-script,y
jashkenas/coffee-script/2021,jashkenas,coffee-script,y
jashkenas/coffee-script/2022,jashkenas,coffee-script,n
ooici/coi-services/6,ooici,coi-services,n
octo/collectd/10,octo,collectd,n
octo/collectd/11,octo,collectd,n
mccraigmccraig/colloquy/1,mccraigmccraig,colloquy,n
WoltLab/com.woltlab.wcf.bbcode/18,WoltLab,com.woltlab.wcf.bbcode,n
WoltLab/com.woltlab.wcf.search/3,WoltLab,com.woltlab.wcf.search,n
doctrine/common/95,doctrine,common,n
doctrine/common/96,doctrine,common,n
xebialabs/community-plugins/2,xebialabs,community-plugins,n
MoOx/compass-recipes/31,MoOx,compass-recipes,n
chriseppstein/compass/667,chriseppstein,compass,n
composer/composer/193,composer,composer,n
composer/composer/194,composer,composer,n
typesafehub/config/1,typesafehub,config,n
mozilla/configman/19,mozilla,configman,n
sunlightlabs/congress-android/503,sunlightlabs,congress-android,n
sunlightlabs/congress-android/505,sunlightlabs,congress-android,n
sunlightlabs/congress-android/507,sunlightlabs,congress-android,n
sunlightlabs/congress-android/508,sunlightlabs,congress-android,n
sunlightlabs/congress-android/509,sunlightlabs,congress-android,n
ciaranj/connect-auth/75,ciaranj,connect-auth,n
senchalabs/connect/453,senchalabs,connect,n
sciancio/connectionmanager/11,sciancio,connectionmanager,n
opscode/cookbooks/300,opscode,cookbooks,n
opscode/cookbooks/301,opscode,cookbooks,n
opscode/cookbooks/302,opscode,cookbooks,n
opscode/cookbooks/303,opscode,cookbooks,n
opscode/cookbooks/304,opscode,cookbooks,n
coq/coq/2680,coq,coq,n
contao/core/3784,contao,core,n
contao/core/3786,contao,core,n
contao/core/3787,contao,core,n
fuel/core/767,fuel,core,n
fuel/core/768,fuel,core,n
jboss-switchyard/core/337,jboss-switchyard,core,n
kohana/core/199,kohana,core,n
extend/cowboy/125,extend,cowboy,n
lsuits/cps/13,lsuits,cps,n
cloudhead/cradle/131,cloudhead,cradle,n
bergie/create/30,bergie,create,n
bergie/create/31,bergie,create,n
bshaffer/csDoctrineActAsSortablePlugin/13,bshaffer,csDoctrineActAsSortablePlugin,n
necolas/css3-social-signin-buttons/7,necolas,css3-social-signin-buttons,n
wireservice/csvkit/138,wireservice,csvkit,n
constantcontact/ctct_php_library/2,constantcontact,ctct_php_library,n
kien/ctrlp.vim/67,kien,ctrlp.vim,n
kien/ctrlp.vim/68,kien,ctrlp.vim,n
kien/ctrlp.vim/69,kien,ctrlp.vim,n
kien/ctrlp.vim/70,kien,ctrlp.vim,n
cts2/cts2-specification/23,cts2,cts2-specification,n
cucumber/cucumber-rails/188,cucumber,cucumber-rails,n
sorccu/cufon/227,sorccu,cufon,n
cujojs/curl/46,cujojs,curl,n
cyrusimap/cyrus-imapd/1500,cyrusimap,cyrus-imapd,n
d3/d3/433,d3,d3,n
petergoldstein/dalli/157,petergoldstein,dalli,n
bmabey/database_cleaner/91,bmabey,database_cleaner,n
davidkaneda/davidkaneda.com/1,davidkaneda,davidkaneda.com,n
doctrine/dbal/89,doctrine,dbal,n
alexch/deck.rb/1,alexch,deck.rb,n
collectiveidea/delayed_job/330,collectiveidea,delayed_job,n
collectiveidea/delayed_job_active_record/8,collectiveidea,delayed_job_active_record,n
collectiveidea/delayed_job_active_record/9,collectiveidea,delayed_job_active_record,n
ufz/devguide/1,ufz,devguide,n
plataformatec/devise/1555,plataformatec,devise,n
plataformatec/devise/1556,plataformatec,devise,n
plataformatec/devise/1557,plataformatec,devise,n
plataformatec/devise/1558,plataformatec,devise,n
cloudbuilders/devstack/236,cloudbuilders,devstack,n
Rayerd/dfl/11,Rayerd,dfl,n
Rayerd/dfl/12,Rayerd,dfl,n
Rayerd/dfl/13,Rayerd,dfl,n
SitePen/dgrid/60,SitePen,dgrid,n
diaspora/diaspora/2600,diaspora,diaspora,n
diaspora/diaspora/2601,diaspora,diaspora,n
diaspora/diaspora/2602,diaspora,diaspora,n
diaspora/diaspora/2603,diaspora,diaspora,n
diaspora/diaspora/2604,diaspora,diaspora,n
diaspora/diaspora/2605,diaspora,diaspora,n
diaspora/diaspora/2606,diaspora,diaspora,n
diaspora/diaspora/2607,diaspora,diaspora,n
diaspora/diaspora/2608,diaspora,diaspora,n
diaspora/diaspora/2609,diaspora,diaspora,n
diaspora/diaspora/2610,diaspora,diaspora,n
diaspora/diaspora/2611,diaspora,diaspora,n
diaspora/diaspora/2612,diaspora,diaspora,n
diaspora/diaspora/2613,diaspora,diaspora,n
diaspora/diaspora/2614,diaspora,diaspora,n
diaspora/diaspora/2615,diaspora,diaspora,n
jamwt/diesel/26,jamwt,diesel,n
lshift/diffa/20,lshift,diffa,n
lshift/diffa/21,lshift,diffa,n
lshift/diffa/22,lshift,diffa,n
flatiron/director/69,flatiron,director,n
flatiron/director/70,flatiron,director,n
H-uru/dirtsand/25,H-uru,dirtsand,n
n8han/dispatch-google-clientlogin/4,n8han,dispatch-google-clientlogin,n
pennersr/django-allauth/37,pennersr,django-allauth,n
frankwiles/django-app-metrics/5,frankwiles,django-app-metrics,n
disqus/django-bitfield/11,disqus,django-bitfield,n
divio/django-cms/1137,divio,django-cms,n
divio/django-cms/1139,divio,django-cms,n
django-nonrel/django-dbindexer/10,django-nonrel,django-dbindexer,n
munhitsu/django-dowser/2,munhitsu,django-dowser,n
fusionbox/django-fusionbox/12,fusionbox,django-fusionbox,n
fusionbox/django-fusionbox/13,fusionbox,django-fusionbox,n
cobrateam/django-htmlmin/24,cobrateam,django-htmlmin,n
django-nonrel/django-nonrel/3,django-nonrel,django-nonrel,n
django/django-old/103,django,django-old,n
ericflo/django-pagination/31,ericflo,django-pagination,n
tomchristie/django-rest-framework/115,tomchristie,django-rest-framework,n
tomchristie/django-rest-framework/116,tomchristie,django-rest-framework,n
tomchristie/django-rest-framework/117,tomchristie,django-rest-framework,n
tomchristie/django-rest-framework/118,tomchristie,django-rest-framework,n
tomchristie/django-rest-framework/119,tomchristie,django-rest-framework,n
tomchristie/django-rest-framework/120,tomchristie,django-rest-framework,n
omab/django-social-auth/217,omab,django-social-auth,n
omab/django-social-auth/218,omab,django-social-auth,n
omab/django-social-auth/219,omab,django-social-auth,n
flashingpumpkin/django-socialregistration/139,flashingpumpkin,django-socialregistration,n
django-tastypie/django-tastypie/327,django-tastypie,django-tastypie,n
caktus/django-timepiece/131,caktus,django-timepiece,n
django-nonrel/djangoappengine/12,django-nonrel,djangoappengine,n
django-nonrel/djangoappengine/13,django-nonrel,djangoappengine,n
miekg/dns/10,miekg,dns,n
miekg/dns/9,miekg,dns,n
darkoperator/dnsrecon/1,darkoperator,dnsrecon,n
jashkenas/docco/78,jashkenas,docco,n
documentcloud/docsplit/33,documentcloud,docsplit,n
doctrine/doctrine2/252,doctrine,doctrine2,n
ramainen/doit-cms/137,ramainen,doit-cms,n
splitbrain/dokuwiki-plugin-vshare/8,splitbrain,dokuwiki-plugin-vshare,n
applicake/doorkeeper/33,applicake,doorkeeper,n
stevenweaver/dotfiles/1,stevenweaver,dotfiles,n
radar/dotiw/25,radar,dotiw,n
dploi/dploi-puppet/5,dploi,dploi-puppet,n
racker/dreadnot/15,racker,dreadnot,n
delving/drupal_modules/6,delving,drupal_modules,n
Anakeen/dynacase-core/111,Anakeen,dynacase-core,n
Anakeen/dynacase-core/114,Anakeen,dynacase-core,n
Anakeen/dynacase-core/116,Anakeen,dynacase-core,n
Anakeen/dynacase-core/117,Anakeen,dynacase-core,n
Anakeen/dynacase-core/120,Anakeen,dynacase-core,n
webbukkit/dynmap/548,webbukkit,dynmap,n
webbukkit/dynmap/549,webbukkit,dynmap,n
oyvindkinsey/easyXDM/146,oyvindkinsey,easyXDM,n
emuharemagic/ecl-ml/1,emuharemagic,ecl-ml,n
hpcc-systems/ecl-ml/68,hpcc-systems,ecl-ml,n
dimitri/el-get/500,dimitri,el-get,n
dimitri/el-get/501,dimitri,el-get,n
sonian/elasticsearch-jetty/10,sonian,elasticsearch-jetty,n
elastic/elasticsearch/1596,elastic,elasticsearch,n
elastic/elasticsearch/1597,elastic,elasticsearch,n
elastic/elasticsearch/1598,elastic,elasticsearch,n
elastic/elasticsearch/1599,elastic,elasticsearch,n
jbroadway/elefant/60,jbroadway,elefant,n
jbroadway/elefant/61,jbroadway,elefant,n
dmitryf/elements/11,dmitryf,elements,n
kevinweil/elephant-bird/115,kevinweil,elephant-bird,n
elixir-lang/elixir/94,elixir-lang,elixir,n
ella/ella/40,ella,ella,n
ella/ella/41,ella,ella,n
envone/ember-runner/2,envone,ember-runner,n
envone/ember-runner/4,envone,ember-runner,n
emberjs/ember.js/364,emberjs,ember.js,n
emberjs/ember.js/365,emberjs,ember.js,n
emberjs/ember.js/366,emberjs,ember.js,n
emberjs/ember.js/368,emberjs,ember.js,n
emesene/emesene-supported-plugins/57,emesene,emesene-supported-plugins,n
emesene/emesene/981,emesene,emesene,n
kripken/emscripten/167,kripken,emscripten,n
enthought/enaml/67,enthought,enaml,n
LearnBoost/engine.io/4,LearnBoost,engine.io,n
locomotivecms/engine/268,locomotivecms,engine,n
engineyard/engineyard-serverside/25,engineyard,engineyard-serverside,n
aemoncannon/ensime/215,aemoncannon,ensime,n
evanmiller/erlydtl/20,evanmiller,erlydtl,n
espressomd/espresso/16,espressomd,espresso,n
ether/etherpad-lite/319,ether,etherpad-lite,n
ether/etherpad-lite/320,ether,etherpad-lite,n
bnoguchi/everyauth/152,bnoguchi,everyauth,n
OpenCMISS/examples/35,OpenCMISS,examples,n
OpenCMISS/examples/36,OpenCMISS,examples,n
LearnBoost/expect.js/5,LearnBoost,expect.js,n
ncrohn/express-uglify/4,ncrohn,express-uglify,n
expressjs/express/955,expressjs,express,n
expressjs/express/956,expressjs,express,n
expressjs/express/957,expressjs,express,n
expressjs/express/958,expressjs,express,n
fabricjs/fabric.js/100,fabricjs,fabric.js,n
kangax/fabric.js/100,kangax,fabric.js,n
cloudant/fabric/30,cloudant,fabric,n
cloudant/fabric/31,cloudant,fabric,n
slavapestov/factor/468,slavapestov,factor,n
fail2ban/fail2ban/26,fail2ban,fail2ban,n
fancyapps/fancyBox/90,fancyapps,fancyBox,n
fancyapps/fancyBox/91,fancyapps,fancyBox,n
nov/fb_graph/169,nov,fb_graph,n
valums/file-uploader/238,valums,file-uploader,n
jiren/filter.js/2,jiren,filter.js,n
mysociety/fixmytransport/534,mysociety,fixmytransport,n
mysociety/fixmytransport/535,mysociety,fixmytransport,n
mysociety/fixmytransport/536,mysociety,fixmytransport,n
mysociety/fixmytransport/537,mysociety,fixmytransport,n
mysociety/fixmytransport/538,mysociety,fixmytransport,n
mysociety/fixmytransport/539,mysociety,fixmytransport,n
doctyper/flexie/33,doctyper,flexie,n
fluent/fluentd/31,fluent,fluentd,n
schambers/fluentmigrator/228,schambers,fluentmigrator,n
thobbs/flume-cassandra-plugin/5,thobbs,flume-cassandra-plugin,n
paulasmuth/fnordmetric/31,paulasmuth,fnordmetric,n
fog/fog/688,fog,fog,n
ddollar/foreman/126,ddollar,foreman,n
nodejitsu/forever/213,nodejitsu,forever,n
forkcms/forkcms/200,forkcms,forkcms,n
forkcms/forkcms/201,forkcms,forkcms,n
modilabs/formhub/57,modilabs,formhub,n
modilabs/formhub/58,modilabs,formhub,n
modilabs/formhub/59,modilabs,formhub,n
modilabs/formhub/60,modilabs,formhub,n
modilabs/formhub/61,modilabs,formhub,n
modilabs/formhub/62,modilabs,formhub,n
modilabs/formhub/63,modilabs,formhub,n
modilabs/formhub/65,modilabs,formhub,n
zurb/foundation-sites/213,zurb,foundation-sites,n
zurb/foundation-sites/216,zurb,foundation-sites,n
mattmueller/foursquare2/24,mattmueller,foursquare2,n
wbsoft/frescobaldi/11,wbsoft,frescobaldi,n
wbsoft/frescobaldi/12,wbsoft,frescobaldi,n
FriendlyId/friendly_id/206,FriendlyId,friendly_id,n
norman/friendly_id/206,norman,friendly_id,n
photo/frontend/431,photo,frontend,n
photo/frontend/432,photo,frontend,n
malclocke/fulcrum/81,malclocke,fulcrum,n
malclocke/fulcrum/82,malclocke,fulcrum,n
mozilla-b2g/gaia/246,mozilla-b2g,gaia,n
worseisbetter/galleria/234,worseisbetter,galleria,n
sgolodetz/game1666/36,sgolodetz,game1666,n
ericpaulbishop/gargoyle/42,ericpaulbishop,gargoyle,n
owin/gate/56,owin,gate,n
excilys/gatling/338,excilys,gatling,n
gabrielcorpse/gedit-twig-template-language/4,gabrielcorpse,gedit-twig-template-language,n
hasgeek/geekup/5,hasgeek,geekup,n
cwninja/geminabox/44,cwninja,geminabox,n
geminabox/geminabox/44,geminabox,geminabox,n
mochi/gen_bunny/1,mochi,gen_bunny,n
genodelabs/genode/69,genodelabs,genode,n
genodelabs/genode/70,genodelabs,genode,n
genodelabs/genode/71,genodelabs,genode,n
genodelabs/genode/72,genodelabs,genode,n
geoext/geoext/16,geoext,geoext,n
geoext/geoext/17,geoext,geoext,n
GeoNode/geonode/82,GeoNode,geonode,n
GeoNode/geonode/83,GeoNode,geonode,n
cloudsmith/geppetto/265,cloudsmith,geppetto,n
dylan/getbot.js/2,dylan,getbot.js,n
gwik/geventhttpclient/1,gwik,geventhttpclient,n
hadley/ggplot2/351,hadley,ggplot2,n
hadley/ggplot2/352,hadley,ggplot2,n
git-commit-notifier/git-commit-notifier/125,git-commit-notifier,git-commit-notifier,n
rogerdudler/git-guide/2,rogerdudler,git-guide,n
rogerdudler/git-guide/3,rogerdudler,git-guide,n
rogerdudler/git-guide/4,rogerdudler,git-guide,n
rogerdudler/git-guide/5,rogerdudler,git-guide,n
bazaarlabs/gitdocs/35,bazaarlabs,gitdocs,n
baldwindavid/github-for-mac-issues/25,baldwindavid,github-for-mac-issues,y
mocleiri/github-oauth-plugin/14,mocleiri,github-oauth-plugin,n
jjNford/github-repositories/2,jjNford,github-repositories,n
jjNford/github-repositories/3,jjNford,github-repositories,n
jjNford/github-repositories/4,jjNford,github-repositories,n
jjNford/github-repositories/5,jjNford,github-repositories,n
jjNford/github-repositories/6,jjNford,github-repositories,n
jjNford/github-repositories/7,jjNford,github-repositories,n
jjNford/github-repositories/8,jjNford,github-repositories,n
github/github-services/213,github,github-services,n
github/github-services/214,github,github-services,n
gitlabhq/gitlabhq/272,gitlabhq,gitlabhq,n
gitlabhq/gitlabhq/273,gitlabhq,gitlabhq,n
gitlabhq/gitlabhq/274,gitlabhq,gitlabhq,n
gitlabhq/gitlabhq/275,gitlabhq,gitlabhq,n
javaee/glassfish/18156,javaee,glassfish,n
kthompson/glob-js/1,kthompson,glob-js,n
jorgebastida/glue/1,jorgebastida,glue,n
jorgebastida/glue/3,jorgebastida,glue,n
jorgebastida/glue/4,jorgebastida,glue,n
jorgebastida/glue/6,jorgebastida,glue,n
jorgebastida/glue/7,jorgebastida,glue,n
nu7hatch/gmail/47,nu7hatch,gmail,n
golang/go/2671,golang,go,n
postrank-labs/goliath/133,postrank-labs,goliath,n
github/gollum/264,github,gollum,n
bgarret/google-analytics-rails/1,bgarret,google-analytics-rails,n
jnunemaker/google-weather/2,jnunemaker,google-weather,n
rem7/goprowl/1,rem7,goprowl,n
esl/gproc/7,esl,gproc,n
grails/grails-core/152,grails,grails-core,n
robfletcher/grails-fields/18,robfletcher,grails-fields,n
padcom/grails-routing/7,padcom,grails-routing,n
paperlesspost/graphiti/23,paperlesspost,graphiti,n
paperlesspost/graphiti/24,paperlesspost,graphiti,n
greasemonkey/greasemonkey/1497,greasemonkey,greasemonkey,n
greenlaw110/greenscript/30,greenlaw110,greenscript,n
gnomeslackbuild/gsb-build-system/47,gnomeslackbuild,gsb-build-system,n
johnbintz/guard-rocco/4,johnbintz,guard-rocco,n
guard/guard-spork/61,guard,guard-spork,n
guard/guard/222,guard,guard,n
guard/guard/223,guard,guard,n
maxogden/gut/3,maxogden,gut,n
mpirnat/hackday/67,mpirnat,hackday,n
twitter/hadoop-lzo/40,twitter,hadoop-lzo,n
mhat/hadouken/1,mhat,hadouken,n
coreyhaines/happinessbot/20,coreyhaines,happinessbot,n
seejohnrun/haste-server/15,seejohnrun,haste-server,n
headjs/headjs/175,headjs,headjs,n
rembo10/headphones/445,rembo10,headphones,n
hector-client/hector/383,hector-client,hector,n
hector-client/hector/384,hector-client,hector,n
hector-client/hector/385,hector-client,hector,n
kputnam/hee/6,kputnam,hee,n
heroku/heroku-buildpack-clojure/12,heroku,heroku-buildpack-clojure,n
heroku/heroku-buildpack-grails/6,heroku,heroku-buildpack-grails,n
heroku/heroku/206,heroku,heroku,n
mysmartgrid/hexabus/47,mysmartgrid,hexabus,n
mysmartgrid/hexabus/48,mysmartgrid,hexabus,n
facebook/hhvm/462,facebook,hhvm,n
facebook/hhvm/463,facebook,hhvm,n
hibernate/hibernate-validator/96,hibernate,hibernate-validator,n
signal11/hidapi/38,signal11,hidapi,n
highcharts/highcharts/692,highcharts,highcharts,n
highcharts/highcharts/693,highcharts,highcharts,n
facebook/hiphop-php/462,facebook,hiphop-php,n
facebook/hiphop-php/463,facebook,hiphop-php,n
pietern/hiredis-py/7,pietern,hiredis-py,n
redis/hiredis/74,redis,hiredis,n
Homebrew/homebrew/9498,Homebrew,homebrew,y
Homebrew/homebrew/9501,Homebrew,homebrew,n
Homebrew/homebrew/9502,Homebrew,homebrew,n
Homebrew/homebrew/9503,Homebrew,homebrew,n
Homebrew/homebrew/9505,Homebrew,homebrew,n
Homebrew/homebrew/9507,Homebrew,homebrew,n
Homebrew/homebrew/9508,Homebrew,homebrew,n
Homebrew/homebrew/9509,Homebrew,homebrew,n
Homebrew/homebrew/9510,Homebrew,homebrew,n
Homebrew/homebrew/9511,Homebrew,homebrew,n
Homebrew/homebrew/9513,Homebrew,homebrew,n
Homebrew/homebrew/9514,Homebrew,homebrew,n
Homebrew/homebrew/9515,Homebrew,homebrew,n
Homebrew/homebrew/9516,Homebrew,homebrew,n
Homebrew/homebrew/9517,Homebrew,homebrew,n
Homebrew/homebrew/9519,Homebrew,homebrew,n
mxcl/homebrew/9497,mxcl,homebrew,n
mxcl/homebrew/9498,mxcl,homebrew,y
mxcl/homebrew/9499,mxcl,homebrew,n
mxcl/homebrew/9500,mxcl,homebrew,n
mxcl/homebrew/9501,mxcl,homebrew,n
mxcl/homebrew/9502,mxcl,homebrew,n
mxcl/homebrew/9503,mxcl,homebrew,n
mxcl/homebrew/9504,mxcl,homebrew,n
mxcl/homebrew/9505,mxcl,homebrew,n
mxcl/homebrew/9506,mxcl,homebrew,n
mxcl/homebrew/9507,mxcl,homebrew,n
mxcl/homebrew/9508,mxcl,homebrew,n
mxcl/homebrew/9509,mxcl,homebrew,n
mxcl/homebrew/9510,mxcl,homebrew,n
mxcl/homebrew/9511,mxcl,homebrew,n
mxcl/homebrew/9512,mxcl,homebrew,n
mxcl/homebrew/9513,mxcl,homebrew,n
mxcl/homebrew/9514,mxcl,homebrew,n
mxcl/homebrew/9515,mxcl,homebrew,n
mxcl/homebrew/9516,mxcl,homebrew,n
mxcl/homebrew/9517,mxcl,homebrew,n
mxcl/homebrew/9518,mxcl,homebrew,n
mxcl/homebrew/9519,mxcl,homebrew,n
johnmuhl/html5.tmbundle/16,johnmuhl,html5.tmbundle,n
oalders/http-browserdetect/32,oalders,http-browserdetect,n
oalders/http-browserdetect/33,oalders,http-browserdetect,n
github/hubot-scripts/247,github,hubot-scripts,n
github/hubot/223,github,hubot,n
hyde/hyde/141,hyde,hyde,n
veg/hyphy/62,veg,hyphy,n
veg/hyphy/63,veg,hyphy,n
Eldorados/icefilms-addon/13,Eldorados,icefilms-addon,n
slayoo/icicle/55,slayoo,icicle,n
astrofrog/idlsave/5,astrofrog,idlsave,n
imbo/imbo/18,imbo,imbo,n
bartaz/impress.js/40,bartaz,impress.js,n
bartaz/impress.js/41,bartaz,impress.js,n
bartaz/impress.js/42,bartaz,impress.js,n
infinispan/infinispan/804,infinispan,infinispan,n
infinispan/infinispan/805,infinispan,infinispan,y
infinispan/infinispan/806,infinispan,infinispan,n
cjoh/informationdiet/2,cjoh,informationdiet,n
mgsisk/inkblot/6,mgsisk,inkblot,n
mozilla/input-tests/108,mozilla,input-tests,n
ooici-dm/ion-definitions/1,ooici-dm,ion-definitions,n
ooici/ion-definitions/30,ooici,ion-definitions,n
ooici/ion-definitions/31,ooici,ion-definitions,n
ionize/ionize/25,ionize,ionize,n
ipython/ipython/1247,ipython,ipython,n
ipython/ipython/1248,ipython,ipython,n
ipython/ipython/1249,ipython,ipython,n
desandro/isotope/133,desandro,isotope,n
desandro/isotope/134,desandro,isotope,n
ispc/ispc/153,ispc,ispc,n
ispc/ispc/154,ispc,ispc,n
mantidproject/issue-migration-testing/531,mantidproject,issue-migration-testing,n
blueimp/jQuery-File-Upload/931,blueimp,jQuery-File-Upload,n
filamentgroup/jQuery-UI-Date-Range-Picker/14,filamentgroup,jQuery-UI-Date-Range-Picker,n
filamentgroup/jQuery-UI-Date-Range-Picker/15,filamentgroup,jQuery-UI-Date-Range-Picker,n
filamentgroup/jQuery-UI-Date-Range-Picker/16,filamentgroup,jQuery-UI-Date-Range-Picker,n
posabsolute/jQuery-Validation-Engine/236,posabsolute,jQuery-Validation-Engine,n
posabsolute/jQuery-Validation-Engine/237,posabsolute,jQuery-Validation-Engine,n
mbielanczuk/jQuery.Gantt/16,mbielanczuk,jQuery.Gantt,n
akheron/jansson/48,akheron,jansson,n
carlhuda/janus/351,carlhuda,janus,n
carlhuda/janus/352,carlhuda,janus,n
searls/jasmine-maven-plugin/54,searls,jasmine-maven-plugin,n
agl/jbig2enc/23,agl,jbig2enc,n
jboss-jdf/jboss-as-quickstart/46,jboss-jdf,jboss-as-quickstart,n
jboss-jdf/jboss-as-quickstart/47,jboss-jdf,jboss-as-quickstart,n
jboss-jdf/jboss-as-quickstart/48,jboss-jdf,jboss-as-quickstart,n
jboss-jdf/jboss-as-quickstart/49,jboss-jdf,jboss-as-quickstart,n
jboss-jdf/jboss-as-quickstart/50,jboss-jdf,jboss-as-quickstart,n
jbossas/jboss-as/1042,jbossas,jboss-as,n
jbossas/jboss-as/1043,jbossas,jboss-as,n
jbossas/jboss-as/1046,jbossas,jboss-as,n
jbossas/jboss-as/1047,jbossas,jboss-as,n
jboss-developer/jboss-eap-quickstarts/46,jboss-developer,jboss-eap-quickstarts,n
jboss-developer/jboss-eap-quickstarts/47,jboss-developer,jboss-eap-quickstarts,n
jboss-developer/jboss-eap-quickstarts/48,jboss-developer,jboss-eap-quickstarts,n
jboss-developer/jboss-eap-quickstarts/49,jboss-developer,jboss-eap-quickstarts,n
jboss-developer/jboss-eap-quickstarts/50,jboss-developer,jboss-eap-quickstarts,n
caleb531/jcanvas/4,caleb531,jcanvas,n
jsor/jcarousel/290,jsor,jcarousel,n
jsor/jcarousel/291,jsor,jcarousel,n
jclouds/jclouds/297,jclouds,jclouds,n
jclouds/jclouds/300,jclouds,jclouds,n
jigoshop/jigoshop/500,jigoshop,jigoshop,n
steeltomato/jmeter-amf/21,steeltomato,jmeter-amf,n
jmock-developers/jmock-library/4,jmock-developers,jmock-library,n
jmock-developers/jmock-library/5,jmock-developers,jmock-library,n
jmock-developers/jmock-library/6,jmock-developers,jmock-library,n
joomla/joomla-platform/727,joomla,joomla-platform,n
joomla/joomla-platform/728,joomla,joomla-platform,n
joomla/joomla-platform/729,joomla,joomla-platform,n
tonytomov/jqGrid/240,tonytomov,jqGrid,n
house9/jquery-iframe-auto-height/20,house9,jquery-iframe-auto-height,n
jtsage/jquery-mobile-datebox/145,jtsage,jquery-mobile-datebox,n
jquery/jquery-mobile/3395,jquery,jquery-mobile,n
jquery/jquery-mobile/3396,jquery,jquery-mobile,n
jquery/jquery-mobile/3397,jquery,jquery-mobile,n
srobbin/jquery-pageslide/63,srobbin,jquery-pageslide,n
balupton/jquery-syntaxhighlighter/4,balupton,jquery-syntaxhighlighter,n
rmm5t/jquery-timeago/50,rmm5t,jquery-timeago,n
addyosmani/jquery-ui-bootstrap/29,addyosmani,jquery-ui-bootstrap,n
imakewebthings/jquery-waypoints/37,imakewebthings,jquery-waypoints,n
jquerytools/jquerytools/614,jquerytools,jquerytools,n
jquerytools/jquerytools/615,jquerytools,jquerytools,n
js2coffee/js2coffee/118,js2coffee,js2coffee,n
tmpvar/jsdom/384,tmpvar,jsdom,n
jshint/jshint/416,jshint,jshint,n
collectiveidea/json_spec/17,collectiveidea,json_spec,n
BorisMoore/jsrender/60,BorisMoore,jsrender,n
JuliaLang/julia/332,JuliaLang,julia,n
JuliaLang/julia/333,JuliaLang,julia,n
kebab-project/kebab-revolution/82,kebab-project,kebab-revolution,n
termie/keystonelight/5,termie,keystonelight,n
Khan/khan-exercises/10702,Khan,khan-exercises,n
Khan/khan-exercises/10703,Khan,khan-exercises,n
Khan/khan-exercises/10704,Khan,khan-exercises,n
Khan/khan-exercises/10705,Khan,khan-exercises,n
Khan/khan-exercises/10706,Khan,khan-exercises,n
Khan/khan-exercises/10707,Khan,khan-exercises,n
Khan/khan-exercises/10708,Khan,khan-exercises,n
Khan/khan-exercises/10709,Khan,khan-exercises,n
Khan/khan-exercises/10710,Khan,khan-exercises,n
Khan/khan-exercises/10711,Khan,khan-exercises,n
Khan/khan-exercises/10712,Khan,khan-exercises,n
Khan/khan-exercises/10713,Khan,khan-exercises,n
Khan/khan-exercises/10714,Khan,khan-exercises,n
Khan/khan-exercises/10715,Khan,khan-exercises,n
Khan/khan-exercises/10717,Khan,khan-exercises,n
Khan/khan-exercises/10718,Khan,khan-exercises,n
Khan/khan-exercises/10719,Khan,khan-exercises,n
Khan/khan-exercises/10720,Khan,khan-exercises,n
Khan/khan-exercises/10721,Khan,khan-exercises,n
Khan/khan-exercises/10722,Khan,khan-exercises,n
Khan/khan-exercises/10723,Khan,khan-exercises,n
Khan/khan-exercises/10724,Khan,khan-exercises,n
Khan/khan-exercises/10725,Khan,khan-exercises,n
Khan/khan-exercises/10726,Khan,khan-exercises,n
Khan/khan-exercises/10727,Khan,khan-exercises,n
Khan/khan-exercises/10728,Khan,khan-exercises,n
Khan/khan-exercises/10729,Khan,khan-exercises,n
Khan/khan-exercises/10730,Khan,khan-exercises,y
Khan/khan-exercises/10731,Khan,khan-exercises,n
Khan/khan-exercises/10732,Khan,khan-exercises,n
Khan/khan-exercises/10735,Khan,khan-exercises,n
Khan/khan-exercises/10736,Khan,khan-exercises,n
Khan/khan-exercises/10737,Khan,khan-exercises,n
Khan/khan-exercises/10738,Khan,khan-exercises,n
Khan/khan-exercises/10739,Khan,khan-exercises,y
Khan/khan-exercises/10740,Khan,khan-exercises,n
Khan/khan-exercises/10741,Khan,khan-exercises,n
Khan/khan-exercises/10742,Khan,khan-exercises,n
Khan/khan-exercises/10743,Khan,khan-exercises,n
Khan/khan-exercises/10744,Khan,khan-exercises,y
Khan/khan-exercises/10745,Khan,khan-exercises,n
Khan/khan-exercises/10746,Khan,khan-exercises,n
Khan/khan-exercises/10747,Khan,khan-exercises,n
Khan/khan-exercises/10748,Khan,khan-exercises,y
Khan/khan-exercises/10749,Khan,khan-exercises,n
Khan/khan-exercises/10750,Khan,khan-exercises,y
Khan/khan-exercises/10751,Khan,khan-exercises,n
Khan/khan-exercises/10752,Khan,khan-exercises,n
Khan/khan-exercises/10753,Khan,khan-exercises,n
Khan/khan-exercises/10754,Khan,khan-exercises,n
Khan/khan-exercises/10755,Khan,khan-exercises,n
Khan/khan-exercises/10756,Khan,khan-exercises,n
Khan/khan-exercises/10757,Khan,khan-exercises,n
Khan/khan-exercises/10758,Khan,khan-exercises,n
Khan/khan-exercises/10759,Khan,khan-exercises,n
Khan/khan-exercises/10760,Khan,khan-exercises,n
Khan/khan-exercises/10761,Khan,khan-exercises,n
Khan/khan-exercises/10762,Khan,khan-exercises,n
Khan/khan-exercises/10763,Khan,khan-exercises,n
Khan/khan-exercises/10764,Khan,khan-exercises,n
Khan/khan-exercises/10765,Khan,khan-exercises,n
Khan/khan-exercises/10766,Khan,khan-exercises,n
Khan/khan-exercises/10767,Khan,khan-exercises,n
Khan/khan-exercises/10768,Khan,khan-exercises,n
Khan/khan-exercises/10769,Khan,khan-exercises,n
Khan/khan-exercises/10770,Khan,khan-exercises,n
Khan/khan-exercises/10771,Khan,khan-exercises,n
Khan/khan-exercises/10772,Khan,khan-exercises,n
Khan/khan-exercises/10773,Khan,khan-exercises,n
Khan/khan-exercises/10774,Khan,khan-exercises,n
Khan/khan-exercises/10775,Khan,khan-exercises,n
Khan/khan-exercises/10776,Khan,khan-exercises,n
Khan/khan-exercises/10777,Khan,khan-exercises,n
Khan/khan-exercises/10778,Khan,khan-exercises,n
Khan/khan-exercises/10779,Khan,khan-exercises,n
Khan/khan-exercises/10781,Khan,khan-exercises,n
Khan/khan-exercises/10782,Khan,khan-exercises,n
Khan/khan-exercises/10783,Khan,khan-exercises,n
Khan/khan-exercises/10784,Khan,khan-exercises,n
Khan/khan-exercises/10785,Khan,khan-exercises,n
Khan/khan-exercises/10786,Khan,khan-exercises,n
Khan/khan-exercises/10787,Khan,khan-exercises,n
Khan/khan-exercises/10788,Khan,khan-exercises,n
Khan/khan-exercises/10789,Khan,khan-exercises,n
Khan/khan-exercises/10791,Khan,khan-exercises,n
Khan/khan-exercises/10792,Khan,khan-exercises,n
Khan/khan-exercises/10793,Khan,khan-exercises,n
Khan/khan-exercises/10794,Khan,khan-exercises,n
Khan/khan-exercises/10795,Khan,khan-exercises,n
Khan/khan-exercises/10796,Khan,khan-exercises,n
Khan/khan-exercises/10797,Khan,khan-exercises,n
mozilla/kitsune/426,mozilla,kitsune,n
kivy/kivy/359,kivy,kivy,n
kivy/kivy/360,kivy,kivy,n
openSUSE/kiwi/40,openSUSE,kiwi,n
opscode/knife-ec2/30,opscode,knife-ec2,n
volpe28v/kotaren/1,volpe28v,kotaren,n
volpe28v/kotaren/2,volpe28v,kotaren,n
volpe28v/kotaren/3,volpe28v,kotaren,n
Petteri/kukkaisvoima/5,Petteri,kukkaisvoima,n
yrosseel/lavaan/2,yrosseel,lavaan,n
extension/learn/122,extension,learn,n
peterkeen/ledger-web/4,peterkeen,ledger-web,n
technomancy/leiningen/370,technomancy,leiningen,y
technomancy/leiningen/371,technomancy,leiningen,n
technomancy/leiningen/372,technomancy,leiningen,n
cloudhead/less.js/551,cloudhead,less.js,n
cloudhead/less.js/552,cloudhead,less.js,n
cloudhead/less.js/553,cloudhead,less.js,n
less/less.js/551,less,less.js,n
less/less.js/552,less,less.js,n
less/less.js/553,less,less.js,n
libRocket/libRocket/33,libRocket,libRocket,n
lloydw/libRocket/33,lloydw,libRocket,n
Pulse-Eight/libcec/17,Pulse-Eight,libcec,n
apache/libcloud/53,apache,libcloud,n
GomSpace/libcsp/24,GomSpace,libcsp,n
GomSpace/libcsp/25,GomSpace,libcsp,n
GomSpace/libcsp/26,GomSpace,libcsp,n
libtom/libtommath/5,libtom,libtommath,n
zeromq/libzmq/223,zeromq,libzmq,n
brianchandotcom/liferay-maven-support/9,brianchandotcom,liferay-maven-support,n
hhuijser/liferay-plugins/28,hhuijser,liferay-plugins,n
brianchandotcom/liferay-portal/3646,brianchandotcom,liferay-portal,n
brianchandotcom/liferay-portal/3647,brianchandotcom,liferay-portal,n
brianchandotcom/liferay-portal/3648,brianchandotcom,liferay-portal,n
brianchandotcom/liferay-portal/3649,brianchandotcom,liferay-portal,n
brianchandotcom/liferay-portal/3650,brianchandotcom,liferay-portal,n
brianchandotcom/liferay-portal/3651,brianchandotcom,liferay-portal,n
brianchandotcom/liferay-portal/3652,brianchandotcom,liferay-portal,n
brianchandotcom/liferay-portal/3653,brianchandotcom,liferay-portal,n
brianchandotcom/liferay-portal/3654,brianchandotcom,liferay-portal,n
brianchandotcom/liferay-portal/3655,brianchandotcom,liferay-portal,n
hhuijser/liferay-portal/389,hhuijser,liferay-portal,n
juanferrub/liferay-portal/120,juanferrub,liferay-portal,n
matethurzo/liferay-portal/29,matethurzo,liferay-portal,n
matethurzo/liferay-portal/30,matethurzo,liferay-portal,n
natecavanaugh/liferay-portal/511,natecavanaugh,liferay-portal,n
samuelkong/liferay-portal/166,samuelkong,liferay-portal,n
psychs/limechat/89,psychs,limechat,n
lepture/liquidluck/5,lepture,liquidluck,n
UnionOfRAD/lithium/254,UnionOfRAD,lithium,n
UnionOfRAD/lithium/255,UnionOfRAD,lithium,n
UnionOfRAD/lithium/256,UnionOfRAD,lithium,n
wilseypa/llamaOS/27,wilseypa,llamaOS,n
wilseypa/llamaOS/28,wilseypa,llamaOS,n
wilseypa/llamaOS/29,wilseypa,llamaOS,n
wilseypa/llamaOS/30,wilseypa,llamaOS,n
wilseypa/llamaOS/31,wilseypa,llamaOS,n
wilseypa/llamaOS/32,wilseypa,llamaOS,n
wilseypa/llamaOS/33,wilseypa,llamaOS,n
wilseypa/llamaOS/34,wilseypa,llamaOS,n
localwiki/localwiki/164,localwiki,localwiki,y
keplerproject/luasql/3,keplerproject,luasql,n
walmartlabs/lumbar/47,walmartlabs,lumbar,n
luvit/luvit/75,luvit,luvit,n
lxml/lxml/27,lxml,lxml,n
Imaginea/mViewer/40,Imaginea,mViewer,n
Imaginea/mViewer/42,Imaginea,mViewer,n
machine/machine.specifications/86,machine,machine.specifications,n
madlib/madlib/96,madlib,madlib,n
jirafe/magento-plugin/105,jirafe,magento-plugin,n
jirafe/magento-plugin/106,jirafe,magento-plugin,n
magit/magit/325,magit,magit,n
serby/maiden/11,serby,maiden,n
mikel/mail/323,mikel,mail,n
gooseproject/main/1728,gooseproject,main,n
gooseproject/main/1729,gooseproject,main,n
gooseproject/main/1730,gooseproject,main,n
gooseproject/main/1731,gooseproject,main,n
gooseproject/main/1732,gooseproject,main,n
gooseproject/main/1733,gooseproject,main,n
gooseproject/main/1734,gooseproject,main,n
gooseproject/main/1735,gooseproject,main,n
gooseproject/main/1736,gooseproject,main,n
gooseproject/main/1737,gooseproject,main,n
mantidproject/mantid/5266,mantidproject,mantid,n
mantisbt/mantisbt/34,mantisbt,mantisbt,n
mysociety/mapit/17,mysociety,mapit,n
mapnik/mapnik-packaging/35,mapnik,mapnik-packaging,n
mapnik/mapnik/1011,mapnik,mapnik,n
mapnik/mapnik/1012,mapnik,mapnik,n
mapnik/mapnik/1013,mapnik,mapnik,n
mapnik/mapnik/1014,mapnik,mapnik,n
maqetta/maqetta/1503,maqetta,maqetta,n
maqetta/maqetta/1504,maqetta,maqetta,n
maqetta/maqetta/1505,maqetta,maqetta,n
maqetta/maqetta/1506,maqetta,maqetta,n
maqetta/maqetta/1507,maqetta,maqetta,n
maqetta/maqetta/1508,maqetta,maqetta,n
maqetta/maqetta/1509,maqetta,maqetta,n
maqetta/maqetta/1510,maqetta,maqetta,n
maqetta/maqetta/1511,maqetta,maqetta,n
maqetta/maqetta/1512,maqetta,maqetta,n
maqetta/maqetta/1513,maqetta,maqetta,n
mrkipling/maraschino/48,mrkipling,maraschino,n
chjj/marked/11,chjj,marked,n
chjj/marked/12,chjj,marked,n
chjj/marked/15,chjj,marked,n
chjj/marked/16,chjj,marked,n
chjj/marked/17,chjj,marked,n
chjj/marked/18,chjj,marked,n
chjj/marked/20,chjj,marked,n
github/markup/97,github,markup,n
Obvious/matador/10,Obvious,matador,n
Obvious/matador/11,Obvious,matador,n
mate-desktop/mate-menus/1,mate-desktop,mate-menus,n
mate-desktop/mate-panel/1,mate-desktop,mate-panel,n
orphu/mcdungeon/50,orphu,mcdungeon,n
davecheney/mdns/1,davecheney,mdns,n
johndyer/mediaelement/354,johndyer,mediaelement,n
MEGAEvo/mega-analysis/2,MEGAEvo,mega-analysis,n
mozilla/memchaser/10,mozilla,memchaser,n
mozilla/memchaser/4,mozilla,memchaser,n
mozilla/memchaser/6,mozilla,memchaser,n
mozilla/memchaser/8,mozilla,memchaser,n
mozilla/memchaser/9,mozilla,memchaser,n
jejacks0n/mercury/124,jejacks0n,mercury,n
treangen/metAMOS/34,treangen,metAMOS,n
rilwis/meta-box/63,rilwis,meta-box,n
woglinde/meta-java/10,woglinde,meta-java,n
metacpan/metacpan-web/445,metacpan,metacpan-web,n
rapid7/metasploit-framework/97,rapid7,metasploit-framework,n
stephenmcd/mezzanine/120,stephenmcd,mezzanine,n
middleman/middleman/234,middleman,middleman,n
drichard/mindmaps/3,drichard,mindmaps,n
aviat4ion/miniMVC/1,aviat4ion,miniMVC,n
fnichol/minitest-capistrano/1,fnichol,minitest-capistrano,n
CapnKernul/minitest-reporters/9,CapnKernul,minitest-reporters,n
mixpanel/mixpanel-iphone/16,mixpanel,mixpanel-iphone,n
mixpanel/mixpanel-iphone/17,mixpanel,mixpanel-iphone,n
matburt/mobileorg-android/136,matburt,mobileorg-android,n
freerange/mocha/52,freerange,mocha,n
mochajs/mocha/200,mochajs,mocha,n
mochajs/mocha/201,mochajs,mocha,n
mochajs/mocha/202,mochajs,mocha,n
ModeShape/modeshape/265,ModeShape,modeshape,n
tobie/module-grapher/5,tobie,module-grapher,n
zendframework/modules.zendframework.com/15,zendframework,modules.zendframework.com,n
sharifulin/mojolicious-plugin-mail/3,sharifulin,mojolicious-plugin-mail,n
moment/moment/124,moment,moment,n
timrwood/moment/124,timrwood,moment,n
doctrine/mongodb-odm/227,doctrine,mongodb-odm,n
doctrine/mongodb-odm/228,doctrine,mongodb-odm,n
doctrine/mongodb-odm/229,doctrine,mongodb-odm,n
mongoid/mongoid-site/105,mongoid,mongoid-site,n
mongoid/mongoid/1567,mongoid,mongoid,n
mongoid/mongoid/1568,mongoid,mongoid,n
mongoid/mongoid/1569,mongoid,mongoid,n
mongoid/mongoid/1570,mongoid,mongoid,n
mongoid/mongoid/1571,mongoid,mongoid,n
mongoid/mongoid/1572,mongoid,mongoid,n
mongoid/mongoid/1573,mongoid,mongoid,n
mongoid/mongoid/1574,mongoid,mongoid,n
tblobaum/mongoose-troop/8,tblobaum,mongoose-troop,n
zedshaw/mongrel2/98,zedshaw,mongrel2,n
montagejs/montage/13,montagejs,montage,n
montagejs/montage/14,montagejs,montage,n
montagejs/montage/15,montagejs,montage,n
montagejs/montage/16,montagejs,montage,n
montagejs/montage/17,montagejs,montage,n
WebCourseworks/moodle-tinymce/1,WebCourseworks,moodle-tinymce,n
railsmachine/moonshine_redis/4,railsmachine,moonshine_redis,n
mootools/mootools-core/2194,mootools,mootools-core,n
mootools/mootools-core/2195,mootools,mootools-core,n
mootools/mootools-core/2196,mootools,mootools-core,n
mootools/mootools-core/2197,mootools,mootools-core,n
laas/morse/33,laas,morse,n
mozilla-services/mozilla-style/1,mozilla-services,mozilla-style,n
mozilla/mozmill-environment/7,mozilla,mozmill-environment,n
msgpack/msgpack-rpc-python/2,msgpack,msgpack-rpc-python,n
rubyspec/mspec/19,rubyspec,mspec,n
Toura/mulberry/254,Toura,mulberry,n
jnraine/munkiserver/122,jnraine,munkiserver,n
ucla/mwf/60,ucla,mwf,n
mx3/mx/36,mx3,mx,n
mx3/mx/37,mx3,mx,n
ziutek/mymysql/4,ziutek,mymysql,n
joshsh/myotherbrain/19,joshsh,myotherbrain,n
qehgt/myrpc/1,qehgt,myrpc,n
qehgt/myrpc/2,qehgt,myrpc,n
mysqljs/mysql/161,mysqljs,mysql,n
brianmario/mysql2/235,brianmario,mysql2,n
mysociety/mzalendo/194,mysociety,mzalendo,n
mysociety/mzalendo/195,mysociety,mzalendo,n
realXtend/naali/306,realXtend,naali,n
sakaiproject/nakamura/541,sakaiproject,nakamura,n
ddfreyne/nanoc/82,ddfreyne,nanoc,n
nanoc/nanoc/82,nanoc,nanoc,n
USGS-CIDA/ncETL/27,USGS-CIDA,ncETL,n
rsdn/nemerle/240,rsdn,nemerle,n
rsdn/nemerle/241,rsdn,nemerle,n
dnagir/neo4j-community/1,dnagir,neo4j-community,n
scrooloose/nerdcommenter/56,scrooloose,nerdcommenter,n
scrooloose/nerdtree/110,scrooloose,nerdtree,n
ohri/netba/10,ohri,netba,n
ohri/netba/9,ohri,netba,n
pdav/netmagis/29,pdav,netmagis,n
fsweetser/netreg/2,fsweetser,netreg,n
nette/nette/454,nette,nette,n
Sakartu/next/37,Sakartu,next,n
sonatype/nexus/181,sonatype,nexus,n
nhibernate/nhibernate-core/44,nhibernate,nhibernate-core,n
nhibernate/nhibernate-core/45,nhibernate,nhibernate-core,n
nhibernate/nhibernate-core/46,nhibernate,nhibernate-core,n
ninja-ide/ninja-ide/171,ninja-ide,ninja-ide,n
ninja-ide/ninja-ide/172,ninja-ide,ninja-ide,n
ninja-ide/ninja-ide/173,ninja-ide,ninja-ide,n
ninja-ide/ninja-ide/174,ninja-ide,ninja-ide,n
nipy/nipy/125,nipy,nipy,n
benlund/node-beanstalk-worker/2,benlund,node-beanstalk-worker,n
stolsma/node-fork/4,stolsma,node-fork,n
jprichardson/node-fs-extra/1,jprichardson,node-fs-extra,n
deoxxa/node-ginger/1,deoxxa,node-ginger,n
anodejs/node-gits/2,anodejs,node-gits,n
lwille/node-gphoto2/1,lwille,node-gphoto2,n
lwille/node-gphoto2/2,lwille,node-gphoto2,n
lwille/node-gphoto2/3,lwille,node-gphoto2,n
lwille/node-gphoto2/4,lwille,node-gphoto2,n
lwille/node-gphoto2/5,lwille,node-gphoto2,n
nodejitsu/node-http-proxy/175,nodejitsu,node-http-proxy,n
rsms/node-imagemagick/30,rsms,node-imagemagick,n
mongodb/node-mongodb-native/471,mongodb,node-mongodb-native,n
mongodb/node-mongodb-native/472,mongodb,node-mongodb-native,n
havard/node-openid/62,havard,node-openid,n
dresende/node-orm/25,dresende,node-orm,n
dresende/node-orm/26,dresende,node-orm,n
dresende/node-orm/27,dresende,node-orm,n
nearinfinity/node-persist/18,nearinfinity,node-persist,n
cretz/node-tds/1,cretz,node-tds,n
nodejs/node-v0.x-archive/2496,nodejs,node-v0.x-archive,n
nodejs/node-v0.x-archive/2497,nodejs,node-v0.x-archive,n
nodejs/node-v0.x-archive/2498,nodejs,node-v0.x-archive,n
rogerwang/node-webkit/2,rogerwang,node-webkit,n
tbranyen/nodegit/38,tbranyen,nodegit,n
isaacs/npm/2014,isaacs,npm,n
isaacs/npm/2015,isaacs,npm,n
MetaScale/nt2/121,MetaScale,nt2,n
MetaScale/nt2/122,MetaScale,nt2,n
MetaScale/nt2/123,MetaScale,nt2,n
MetaScale/nt2/124,MetaScale,nt2,n
MetaScale/nt2/125,MetaScale,nt2,n
ferventcoder/nugetpackages/35,ferventcoder,nugetpackages,n
nvaccess/nvda/2036,nvaccess,nvda,n
nvaccess/nvda/2037,nvaccess,nvda,n
intridea/oauth2/84,intridea,oauth2,n
lukhnos/objectiveflickr/25,lukhnos,objectiveflickr,n
mantismigrationtest-123/ocaml-mantis-wip/3736,mantismigrationtest-123,ocaml-mantis-wip,n
mantismigrationtest-123/ocaml-mantis-wip/3737,mantismigrationtest-123,ocaml-mantis-wip,n
nojb/ocaml-mantis-wip/3965,nojb,ocaml-mantis-wip,n
nojb/ocaml-mantis-wip/3966,nojb,ocaml-mantis-wip,n
koggdal/ocanvas/23,koggdal,ocanvas,n
pksunkara/octonode/9,pksunkara,octonode,n
thiagopradi/octopus/66,thiagopradi,octopus,n
openframeworks/ofSite/29,openframeworks,ofSite,n
openframeworks/ofSite/30,openframeworks,ofSite,n
robbyrussell/oh-my-zsh/819,robbyrussell,oh-my-zsh,n
robbyrussell/oh-my-zsh/820,robbyrussell,oh-my-zsh,n
robbyrussell/oh-my-zsh/821,robbyrussell,oh-my-zsh,n
cens/ohmageFrontEnd/165,cens,ohmageFrontEnd,n
cens/ohmageServer/161,cens,ohmageServer,n
brentonashworth/one/52,brentonashworth,one,n
opal/opal/53,opal,opal,n
openplans/openblock/3,openplans,openblock,n
mit-crpg/openmc/67,mit-crpg,openmc,n
openmicroscopy/openmicroscopy/54,openmicroscopy,openmicroscopy,n
openscad/openscad/60,openscad,openscad,n
openscad/openscad/61,openscad,openscad,n
openscad/openscad/62,openscad,openscad,n
rsim/oracle-enhanced/140,rsim,oracle-enhanced,n
xebialabs/overthere/33,xebialabs,overthere,n
wbond/package_control_channel/86,wbond,package_control_channel,n
wbond/package_control_channel/88,wbond,package_control_channel,n
andiwand/packettracer-bridge/1,andiwand,packettracer-bridge,y
padrino/padrino-framework/746,padrino,padrino-framework,n
padrino/padrino-framework/747,padrino,padrino-framework,n
pallet/pallet/108,pallet,pallet,n
pandaproject/panda/322,pandaproject,panda,n
pydata/pandas/595,pydata,pandas,n
pydata/pandas/596,pydata,pandas,n
pydata/pandas/597,pydata,pandas,n
pydata/pandas/598,pydata,pandas,n
jgm/pandoc/371,jgm,pandoc,n
jgm/pandoc/372,jgm,pandoc,n
jgm/pandoc/373,jgm,pandoc,n
brownsys/pane/29,brownsys,pane,n
paperjs/paper.js/67,paperjs,paper.js,n
paperjs/paper.js/68,paperjs,paper.js,n
thoughtbot/paperclip/700,thoughtbot,paperclip,n
jflesch/paperwork/41,jflesch,paperwork,n
jboss-switchyard/parent/34,jboss-switchyard,parent,n
Paaskehare/pastebin-sublime-plugin/1,Paaskehare,pastebin-sublime-plugin,n
yob/pdf-reader/40,yob,pdf-reader,n
mozilla/pdf.js/1045,mozilla,pdf.js,n
mozilla/pdf.js/1046,mozilla,pdf.js,n
mozilla/pdf.js/1047,mozilla,pdf.js,n
mozilla/pdf.js/1049,mozilla,pdf.js,n
mozilla/pdf.js/1050,mozilla,pdf.js,n
stoyan/perfplanet/18,stoyan,perfplanet,n
jwiegley/periods/1,jwiegley,periods,n
yesodweb/persistent/37,yesodweb,persistent,n
bsdperimeter/pfsense-packages/192,bsdperimeter,pfsense-packages,n
pgina/pgina/80,pgina,pgina,n
pgxn/pgxn-api/11,pgxn,pgxn-api,n
ariya/phantomjs/10341,ariya,phantomjs,n
ariya/phantomjs/191,ariya,phantomjs,n
josven/phoenix/1,josven,phoenix,n
josven/phoenix/10,josven,phoenix,n
josven/phoenix/11,josven,phoenix,n
josven/phoenix/12,josven,phoenix,n
josven/phoenix/13,josven,phoenix,n
josven/phoenix/14,josven,phoenix,n
josven/phoenix/15,josven,phoenix,n
josven/phoenix/16,josven,phoenix,n
josven/phoenix/17,josven,phoenix,n
josven/phoenix/2,josven,phoenix,n
josven/phoenix/20,josven,phoenix,n
josven/phoenix/21,josven,phoenix,n
josven/phoenix/22,josven,phoenix,n
josven/phoenix/23,josven,phoenix,n
josven/phoenix/24,josven,phoenix,n
josven/phoenix/26,josven,phoenix,n
josven/phoenix/3,josven,phoenix,n
josven/phoenix/4,josven,phoenix,n
josven/phoenix/5,josven,phoenix,n
josven/phoenix/6,josven,phoenix,n
josven/phoenix/7,josven,phoenix,n
josven/phoenix/8,josven,phoenix,n
josven/phoenix/9,josven,phoenix,n
mgcrea/phonegap-plugins/3,mgcrea,phonegap-plugins,n
psynaptic/php-drupal.tmbundle/29,psynaptic,php-drupal.tmbundle,n
jamesiarmes/php-ews/1,jamesiarmes,php-ews,n
jamesiarmes/php-ews/10,jamesiarmes,php-ews,n
jamesiarmes/php-ews/11,jamesiarmes,php-ews,n
jamesiarmes/php-ews/12,jamesiarmes,php-ews,n
jamesiarmes/php-ews/13,jamesiarmes,php-ews,n
jamesiarmes/php-ews/14,jamesiarmes,php-ews,n
jamesiarmes/php-ews/15,jamesiarmes,php-ews,n
jamesiarmes/php-ews/2,jamesiarmes,php-ews,n
jamesiarmes/php-ews/3,jamesiarmes,php-ews,n
jamesiarmes/php-ews/4,jamesiarmes,php-ews,n
jamesiarmes/php-ews/5,jamesiarmes,php-ews,n
jamesiarmes/php-ews/6,jamesiarmes,php-ews,n
jamesiarmes/php-ews/7,jamesiarmes,php-ews,n
jamesiarmes/php-ews/8,jamesiarmes,php-ews,n
jamesiarmes/php-ews/9,jamesiarmes,php-ews,n
phpBB-Blog/phpBB-Blog/58,phpBB-Blog,phpBB-Blog,n
Jasig/phpCAS/18,Jasig,phpCAS,n
phpDocumentor/phpDocumentor2/344,phpDocumentor,phpDocumentor2,n
phpDocumentor/phpDocumentor2/345,phpDocumentor,phpDocumentor2,n
phpDocumentor/phpDocumentor2/346,phpDocumentor,phpDocumentor2,n
phpDocumentor/phpDocumentor2/347,phpDocumentor,phpDocumentor2,n
phpDocumentor/phpDocumentor2/348,phpDocumentor,phpDocumentor2,n
thorsten/phpMyFAQ/381,thorsten,phpMyFAQ,n
tylerchr/phparess/1,tylerchr,phparess,n
phpbb/phpbb/530,phpbb,phpbb,n
phpbb/phpbb3/530,phpbb,phpbb3,n
doctrine/phpcr-odm/90,doctrine,phpcr-odm,n
mtodd/pingdom-client/6,mtodd,pingdom-client,n
pioneerspacesim/pioneer/889,pioneerspacesim,pioneer,n
pioneerspacesim/pioneer/890,pioneerspacesim,pioneer,n
play/play/76,play,play,n
playframework/play1/431,playframework,play1,n
playframework/playframework/74,playframework,playframework,n
playframework/playframework/75,playframework,playframework,n
playframework/playframework/76,playframework,playframework,n
plone/plone.app.dexterity/6,plone,plone.app.dexterity,n
plone/plone.app.dexterity/7,plone,plone.app.dexterity,n
tidalf/plugin.audio.qobuz/33,tidalf,plugin.audio.qobuz,n
tidalf/plugin.audio.qobuz/36,tidalf,plugin.audio.qobuz,n
XBMC-Addons/plugin.video.the.trailers/1,XBMC-Addons,plugin.video.the.trailers,n
moxiecode/plupload/455,moxiecode,plupload,n
moxiecode/plupload/456,moxiecode,plupload,n
hadley/plyr/72,hadley,plyr,n
mysociety/pombola/194,mysociety,pombola,n
mysociety/pombola/195,mysociety,pombola,n
ninoseki/pomodoro-daisuki/5,ninoseki,pomodoro-daisuki,n
benprew/pony/7,benprew,pony,n
rtomayko/posix-spawn/24,rtomayko,posix-spawn,n
drewr/postal/16,drewr,postal,n
lpsmith/postgresql-simple/5,lpsmith,postgresql-simple,n
matsen/pplacer/206,matsen,pplacer,n
jpersson/prequel/5,jpersson,prequel,n
banister/pry-exception_explorer/5,banister,pry-exception_explorer,n
banister/pry-exception_explorer/6,banister,pry-exception_explorer,n
banister/pry-exception_explorer/7,banister,pry-exception_explorer,n
banister/pry-exception_explorer/8,banister,pry-exception_explorer,n
MICommunity/psidev/527,MICommunity,psidev,n
psychopy/psychopy/94,psychopy,psychopy,n
ptahproject/ptah/121,ptahproject,ptah,n
speedata/publisher/9,speedata,publisher,n
pugjs/pug/467,pugjs,pug,n
punbb/punbb/69,punbb,punbb,n
puppetlabs/puppet/314,puppetlabs,puppet,n
puppetlabs/puppet/315,puppetlabs,puppet,n
puppetlabs/puppet/316,puppetlabs,puppet,n
puppetlabs/puppet/318,puppetlabs,puppet,n
puppetlabs/puppet/319,puppetlabs,puppet,n
puppetlabs/puppetlabs-f5/74,puppetlabs,puppetlabs-f5,n
puppetlabs/puppetlabs-rabbitmq/13,puppetlabs,puppetlabs-rabbitmq,n
williamh/pybugz/14,williamh,pybugz,n
clawpack/pyclaw/119,clawpack,pyclaw,n
clawpack/pyclaw/120,clawpack,pyclaw,n
clawpack/pyclaw/121,clawpack,pyclaw,n
fs111/pydoc.vim/15,fs111,pydoc.vim,n
fs111/pydoc.vim/16,fs111,pydoc.vim,n
aparo/pyes/149,aparo,pyes,n
aparo/pyes/150,aparo,pyes,n
liamks/pyitunes/2,liamks,pyitunes,n
chrivers/pyjaco/13,chrivers,pyjaco,n
chrivers/pyjaco/14,chrivers,pyjaco,n
chrivers/pyjaco/19,chrivers,pyjaco,n
chrivers/pyjaco/22,chrivers,pyjaco,n
chrivers/pyjaco/26,chrivers,pyjaco,n
chrivers/pyjaco/27,chrivers,pyjaco,n
chrivers/pyjaco/38,chrivers,pyjaco,n
chrivers/pyjaco/47,chrivers,pyjaco,n
chrivers/pyjaco/52,chrivers,pyjaco,n
chrivers/pyjaco/57,chrivers,pyjaco,n
Pylons/pyramid/396,Pylons,pyramid,n
Pylons/pyramid/397,Pylons,pyramid,n
Pylons/pyramid_exclog/4,Pylons,pyramid_exclog,n
sontek/pyramid_webassets/1,sontek,pyramid_webassets,n
pyrocms/pyrocms/1068,pyrocms,pyrocms,n
pyrocms/pyrocms/1069,pyrocms,pyrocms,n
django-haystack/pysolr/39,django-haystack,pysolr,n
kivy/python-for-android/1,kivy,python-for-android,n
klen/python-mode/35,klen,python-mode,n
joestump/python-oauth2/103,joestump,python-oauth2,n
utahta/pythonbrew/54,utahta,pythonbrew,n
utahta/pythonbrew/55,utahta,pythonbrew,n
Craga89/qTip2/295,Craga89,qTip2,n
ql-io/ql.io/213,ql-io,ql.io,n
mysema/querydsl/78,mysema,querydsl,n
connamara/quickfixn/24,connamara,quickfixn,n
jboss-eap/quickstart/1,jboss-eap,quickstart,n
pmuir/quickstart/1,pmuir,quickstart,n
QupZilla/qupzilla/145,QupZilla,qupzilla,n
QupZilla/qupzilla/146,QupZilla,qupzilla,n
QupZilla/qupzilla/147,QupZilla,qupzilla,n
QupZilla/qupzilla/148,QupZilla,qupzilla,n
QupZilla/qupzilla/150,QupZilla,qupzilla,n
elaird/ra1stats/18,elaird,ra1stats,n
squaremo/rabbit.js/7,squaremo,rabbit.js,n
squaremo/rabbit.js/8,squaremo,rabbit.js,n
chneukirchen/rack/23,chneukirchen,rack,n
rack/rack/309,rack,rack,n
preston/railroady/20,preston,railroady,n
rails/rails/4388,rails,rails,n
rails/rails/4389,rails,rails,n
rails/rails/4390,rails,rails,n
rails/rails/4391,rails,rails,n
rails/rails/4392,rails,rails,n
rails/rails/4393,rails,rails,n
rails/rails/4394,rails,rails,n
sferik/rails_admin/920,sferik,rails_admin,n
sferik/rails_admin/921,sferik,rails_admin,n
sferik/rails_admin/922,sferik,rails_admin,n
Rapporter/rapport/18,Rapporter,rapport,n
Rapporter/rapport/22,Rapporter,rapport,n
Rapporter/rapport/23,Rapporter,rapport,n
wbotelhos/raty/30,wbotelhos,raty,n
Razor-qt/razor-qt/154,Razor-qt,razor-qt,n
Razor-qt/razor-qt/156,Razor-qt,razor-qt,n
Razor-qt/razor-qt/157,Razor-qt,razor-qt,n
jamis/rbenv-gemset/21,jamis,rbenv-gemset,n
joefiorini/rbenv-prompt/1,joefiorini,rbenv-prompt,n
relevance/rcov/88,relevance,rcov,n
spilgames/rebar/1,spilgames,rebar,n
ambethia/recaptcha/61,ambethia,recaptcha,n
omniti-labs/reconnoiter/44,omniti-labs,reconnoiter,n
talklittle/reddit-is-fun/230,talklittle,reddit-is-fun,n
reddit/reddit/310,reddit,reddit,n
reddit/reddit/311,reddit,reddit,n
defunkt/redis-namespace/33,defunkt,redis-namespace,n
defunkt/redis-namespace/34,defunkt,redis-namespace,n
resque/redis-namespace/33,resque,redis-namespace,n
resque/redis-namespace/34,resque,redis-namespace,n
koppen/redmine_github_hook/17,koppen,redmine_github_hook,n
Raynes/refheap/38,Raynes,refheap,n
Raynes/refheap/39,Raynes,refheap,n
Raynes/refheap/40,Raynes,refheap,n
refinery/refinerycms-calendar/12,refinery,refinerycms-calendar,n
refinery/refinerycms/1208,refinery,refinerycms,n
puppetlabs/repo-metrics/1,puppetlabs,repo-metrics,n
mikeal/request/149,mikeal,request,n
request/request/149,request,request,n
kennethreitz/requests/344,kennethreitz,requests,n
mauricioaniche/restfulie.net/6,mauricioaniche,restfulie.net,n
estately/rets/5,estately,rets,n
zurb/reveal/41,zurb,reveal,n
modxcms/revolution/263,modxcms,revolution,n
modxcms/revolution/6608,modxcms,revolution,n
modxcms/revolution/6609,modxcms,revolution,n
modxcms/revolution/6610,modxcms,revolution,n
modxcms/revolution/6611,modxcms,revolution,n
modxcms/revolution/6612,modxcms,revolution,n
modxcms/revolution/6613,modxcms,revolution,n
modxcms/revolution/6614,modxcms,revolution,n
modxcms/revolution/6616,modxcms,revolution,n
modxcms/revolution/6617,modxcms,revolution,n
buckket/rfk/40,buckket,rfk,n
palfrey/rhythmbox-tray-icon/1,palfrey,rhythmbox-tray-icon,n
palfrey/rhythmbox-tray-icon/2,palfrey,rhythmbox-tray-icon,n
basho/riak/112,basho,riak,n
basho/riak_cs/54,basho,riak_cs,n
basho/riak_cs/55,basho,riak_cs,n
richfaces/richfaces-sandbox/1,richfaces,richfaces-sandbox,n
hammackj/risu/48,hammackj,risu,n
rtomayko/rocco/75,rtomayko,rocco,n
rtomayko/rocco/76,rtomayko,rocco,n
retlehs/roots/215,retlehs,roots,n
chucknorris/roundhouse/44,chucknorris,roundhouse,n
chucknorris/roundhouse/45,chucknorris,roundhouse,n
pufuwozu/roy/93,pufuwozu,roy,n
rspec/rspec-core/550,rspec,rspec-core,n
rspec/rspec-dev/26,rspec,rspec-dev,n
rspec/rspec-expectations/105,rspec,rspec-expectations,n
rspec/rspec-expectations/106,rspec,rspec-expectations,n
rspec/rspec-rails/478,rspec,rspec-rails,n
rspec/rspec-rails/479,rspec,rspec-rails,n
technicalpickles/rspec-spies/6,technicalpickles,rspec-spies,n
hotsh/rstat.us/441,hotsh,rstat.us,n
hotsh/rstat.us/442,hotsh,rstat.us,n
rubinius/rubinius/1501,rubinius,rubinius,n
rubinius/rubinius/1502,rubinius,rubinius,n
rubinius/rubinius/1503,rubinius,rubinius,n
rbenv/ruby-build/118,rbenv,ruby-build,n
bbatsov/ruby-style-guide/67,bbatsov,ruby-style-guide,n
ruby/ruby/79,ruby,ruby,n
benlangfeld/ruby_speech/7,benlangfeld,ruby_speech,n
rubycas/rubycas-client/31,rubycas,rubycas-client,n
rubycas/rubycas-server/76,rubycas,rubycas-server,n
rubycas/rubycas-server/77,rubycas,rubycas-server,n
rubyspec/rubyspec/108,rubyspec,rubyspec,n
mozilla/rust/1471,mozilla,rust,n
mozilla/rust/1472,mozilla,rust,n
mozilla/rust/1473,mozilla,rust,n
mozilla/rust/1476,mozilla,rust,n
mozilla/rust/1477,mozilla,rust,n
mozilla/rust/1478,mozilla,rust,n
mozilla/rust/1479,mozilla,rust,n
rvm/rvm/691,rvm,rvm,n
rvm/rvm/692,rvm,rvm,n
rvm/rvm/693,rvm,rvm,n
sbisbee/sag/42,sbisbee,sag,n
sagemath/sagecell/220,sagemath,sagecell,n
sagemath/sagecell/221,sagemath,sagecell,n
sagemath/sagecell/222,sagemath,sagecell,n
sagemath/sagecell/223,sagemath,sagecell,n
sagemath/sagenb/15,sagemath,sagenb,n
Mgiepz/saiku-adhoc/38,Mgiepz,saiku-adhoc,n
Mgiepz/saiku-adhoc/39,Mgiepz,saiku-adhoc,n
Mgiepz/saiku-adhoc/40,Mgiepz,saiku-adhoc,n
Mgiepz/saiku-adhoc/42,Mgiepz,saiku-adhoc,n
OSBI/saiku/112,OSBI,saiku,n
sailfish-team/sailfish/5,sailfish-team,sailfish,n
saltstack/salt/474,saltstack,salt,n
saltstack/salt/475,saltstack,salt,n
saltstack/salt/476,saltstack,salt,n
ekohl/samba4/9,ekohl,samba4,n
quirkey/sammy/122,quirkey,sammy,n
rails/sass-rails/87,rails,sass-rails,n
saucelabs/sauce_ruby/22,saucelabs,sauce_ruby,n
scala/scala/88,scala,scala,n
scalatra/scalatra-book/18,scalatra,scalatra-book,n
scalatra/scalatra-book/19,scalatra,scalatra-book,n
scalatra/scalatra-website/3,scalatra,scalatra-website,n
scikit-image/scikit-image/109,scikit-image,scikit-image,n
scikit-learn/scikit-learn/545,scikit-learn,scikit-learn,n
scikit-learn/scikit-learn/546,scikit-learn,scikit-learn,n
NICTA/scoobi/33,NICTA,scoobi,n
NICTA/scoobi/34,NICTA,scoobi,n
scoutapp/scout-plugins/44,scoutapp,scout-plugins,n
scrapy/scrapy/78,scrapy,scrapy,n
scribejava/scribejava/212,scribejava,scribejava,n
jenkinsci/scriptler-plugin/2,jenkinsci,scriptler-plugin,n
ex-nerd/scripts/1,ex-nerd,scripts,n
nikhilk/scriptsharp/138,nikhilk,scriptsharp,n
nikhilk/scriptsharp/139,nikhilk,scriptsharp,n
scummvm/scummvm/167,scummvm,scummvm,n
playhaven/sdk-ios/10,playhaven,sdk-ios,n
playhaven/sdk-ios/9,playhaven,sdk-ios,n
jeluard/semantic-versioning/1,jeluard,semantic-versioning,n
getsentry/sentry/294,getsentry,sentry,n
jeremyevans/sequel/416,jeremyevans,sequel,n
sanger/sequencescape/381,sanger,sequencescape,n
mbleichner/service-monitor/17,mbleichner,service-monitor,n
Netflix/servo/9,Netflix,servo,n
JoshuaEstes/sfPluploadPlugin/5,JoshuaEstes,sfPluploadPlugin,n
sharedearth-net/sharedearth-net/52,sharedearth-net,sharedearth-net,n
shish/shimmie2/72,shish,shimmie2,n
shish/shimmie2/73,shish,shimmie2,n
shish/shimmie2/74,shish,shimmie2,n
shish/shimmie2/75,shish,shimmie2,n
operasoftware/shinydemos/1,operasoftware,shinydemos,n
edwardhotchkiss/short/11,edwardhotchkiss,short,n
tj/should.js/34,tj,should.js,n
tj/should.js/35,tj,should.js,n
sergeychernyshev/showslow/65,sergeychernyshev,showslow,n
silverstripe/silverstripe-cms/48,silverstripe,silverstripe-cms,n
silverstripe/silverstripe-framework/154,silverstripe,silverstripe-framework,n
silverstripe/silverstripe-framework/155,silverstripe,silverstripe-framework,n
silverstripe/silverstripe-framework/156,silverstripe,silverstripe-framework,n
silverstripe/silverstripe-framework/157,silverstripe,silverstripe-framework,n
silverstripe/silverstripe-framework/158,silverstripe,silverstripe-framework,n
plataformatec/simple_form/404,plataformatec,simple_form,n
appoxy/simplejpa/18,appoxy,simplejpa,n
appoxy/simplejpa/19,appoxy,simplejpa,n
appoxy/simplejpa/20,appoxy,simplejpa,n
simplepie/simplepie/168,simplepie,simplepie,n
sinatra/sinatra/449,sinatra,sinatra,n
sinatra/sinatra/450,sinatra,sinatra,n
sot/skare/2,sot,skare,n
SkyPHP/skyphp/17,SkyPHP,skyphp,n
jonnsl/sliComments/3,jonnsl,sliComments,n
jonnsl/sliComments/5,jonnsl,sliComments,n
mathiasbynens/small/10,mathiasbynens,small,n
cxreg/smartcd/3,cxreg,smartcd,n
joyent/smartos-live/35,joyent,smartos-live,n
Byron/smmap/4,Byron,smmap,n
honza/snipmate-snippets/66,honza,snipmate-snippets,n
Snorby/snorby/176,Snorby,snorby,n
seam/social/15,seam,social,n
ging/social_stream/189,ging,social_stream,n
LearnBoost/socket.io-client/366,LearnBoost,socket.io-client,n
socketio/socket.io-client/366,socketio,socket.io-client,n
yrashk/socket.io-erlang/69,yrashk,socket.io-erlang,n
LearnBoost/socket.io/713,LearnBoost,socket.io,n
basdenooijer/solarium/55,basdenooijer,solarium,n
basdenooijer/solarium/56,basdenooijer,solarium,n
brianmichel/solarized/1,brianmichel,solarized,n
bluecherrydvr/solo6x10/32,bluecherrydvr,solo6x10,n
eczarny/spectacle/38,eczarny,spectacle,n
bgrins/spectrum/7,bgrins,spectrum,n
fgnass/spin.js/53,fgnass,spin.js,n
fgnass/spin.js/54,fgnass,spin.js,n
chielkunkels/spotify-guess-the-intro/2,chielkunkels,spotify-guess-the-intro,n
rstoyanchev/spr-issue-migration-test/8909,rstoyanchev,spr-issue-migration-test,n
rstoyanchev/spr-issue-migration-test/8911,rstoyanchev,spr-issue-migration-test,n
rstoyanchev/spr-issue-migration-test/8912,rstoyanchev,spr-issue-migration-test,n
rstoyanchev/spr-issue-migration-test/8913,rstoyanchev,spr-issue-migration-test,n
spree/spree-guides/19,spree,spree-guides,n
spree/spree/955,spree,spree,n
spree/spree/956,spree,spree,n
spree/spree/957,spree,spree,n
spree-contrib/spree_active_shipping/14,spree-contrib,spree_active_shipping,n
spree-contrib/spree_active_shipping/15,spree-contrib,spree_active_shipping,n
jsqu99/spree_flexi_variants/20,jsqu99,spree_flexi_variants,n
spreedly/spreedly-gem/5,spreedly,spreedly-gem,n
SpringSource/spring-integration-samples/30,SpringSource,spring-integration-samples,n
SpringSource/spring-test-mvc/20,SpringSource,spring-test-mvc,n
etsy/statsd/52,etsy,statsd,n
valotrading/stirling/3,valotrading,stirling,n
nathanmarz/storm/94,nathanmarz,storm,n
nathanmarz/storm/95,nathanmarz,storm,n
LearnBoost/stylus/505,LearnBoost,stylus,n
thedjpetersen/subway/16,thedjpetersen,subway,n
sugarcrm/sugarcrm_dev/71,sugarcrm,sugarcrm_dev,n
sunspot/sunspot/160,sunspot,sunspot,n
Supervisor/supervisor/80,Supervisor,supervisor,n
pitluga/supply_drop/20,pitluga,supply_drop,n
AstroGPU/swarm/1,AstroGPU,swarm,n
symfony/symfony-docs/981,symfony,symfony-docs,n
symfony/symfony-docs/982,symfony,symfony-docs,n
symfony/symfony-docs/983,symfony,symfony-docs,n
symfony/symfony-docs/984,symfony,symfony-docs,n
symfony/symfony-docs/985,symfony,symfony-docs,n
symfony/symfony-standard/255,symfony,symfony-standard,n
symfony/symfony/3063,symfony,symfony,n
symfony/symfony/3064,symfony,symfony,n
symfony/symfony/3066,symfony,symfony,n
symfony/symfony/3067,symfony,symfony,n
symfony/symfony/3069,symfony,symfony,n
symfony/symfony/3070,symfony,symfony,n
symfony/symfony/3071,symfony,symfony,n
symfony/symfony/3072,symfony,symfony,n
symfony/symfony/3073,symfony,symfony,n
symfony/symfony/3074,symfony,symfony,n
symfony/symfony/3075,symfony,symfony,n
sympy/sympy-bot/87,sympy,sympy-bot,n
sympy/sympy-live/48,sympy,sympy-live,n
sympy/sympy.github.com/41,sympy,sympy.github.com,n
sympy/sympy/945,sympy,sympy,n
sympy/sympy/946,sympy,sympy,n
sympy/sympy/947,sympy,sympy,n
jordansissel/syslog-shipper/7,jordansissel,syslog-shipper,n
techiferous/tabulous/7,techiferous,tabulous,n
12spokes/tandem/6,12spokes,tandem,n
notahat/tango/6,notahat,tango,n
lltyk/tapestry-wro4j/3,lltyk,tapestry-wro4j,n
fhcrc/taxtastic/54,fhcrc,taxtastic,n
DDRace/teeworlds/140,DDRace,teeworlds,n
teeworlds/teeworlds/916,teeworlds,teeworlds,n
saltire/terramap/2,saltire,terramap,n
tmw-issue-import/test2/418,tmw-issue-import,test2,n
nvaccess/test_nvdaTracImport/2138,nvaccess,test_nvdaTracImport,n
nvaccess/test_nvdaTracImport/2139,nvaccess,test_nvdaTracImport,n
pjsip/testproject10/1442,pjsip,testproject10,n
pjsip/testproject3/1443,pjsip,testproject3,n
pat/thinking-sphinx/324,pat,thinking-sphinx,n
rfk/threading2/1,rfk,threading2,n
mrdoob/three.js/1052,mrdoob,three.js,n
mrdoob/three.js/1053,mrdoob,three.js,n
mrdoob/three.js/1054,mrdoob,three.js,n
mrdoob/three.js/1055,mrdoob,three.js,n
HeinrichApfelmus/threepenny-gui/2,HeinrichApfelmus,threepenny-gui,n
protz/thunderbird-conversations/540,protz,thunderbird-conversations,n
protz/thunderbird-conversations/541,protz,thunderbird-conversations,n
TiddlySpace/tiddlyspace/866,TiddlySpace,tiddlyspace,n
TiddlySpace/tiddlyspace/867,TiddlySpace,tiddlyspace,n
mapbox/tilemill/1100,mapbox,tilemill,n
appcelerator/titanium_mobile/1142,appcelerator,titanium_mobile,n
appcelerator/titanium_mobile/1143,appcelerator,titanium_mobile,n
appcelerator/titanium_mobile/1144,appcelerator,titanium_mobile,n
appcelerator/titanium_modules/16,appcelerator,titanium_modules,n
ginatrapani/todo.txt-cli/68,ginatrapani,todo.txt-cli,n
hbt/todoapp/3,hbt,todoapp,n
hbt/todoapp/5,hbt,todoapp,n
chriskempson/tomorrow-theme/63,chriskempson,tomorrow-theme,n
peej/tonic/65,peej,tonic,n
facebook/tornado/432,facebook,tornado,n
IMAmuseum/tourml/4,IMAmuseum,tourml,n
freegeekchicago/townsquare/100,freegeekchicago,townsquare,n
travis-ci/travis-ci/382,travis-ci,travis-ci,n
travis-ci/travis-crowd/33,travis-ci,travis-crowd,n
garden/tree/39,garden,tree,n
oskusalerma/trelby/102,oskusalerma,trelby,n
cutting/trevni/1,cutting,trevni,n
OCamlPro/tryocaml/45,OCamlPro,tryocaml,n
OCamlPro/tryocaml/46,OCamlPro,tryocaml,n
poggs/tsdbexplorer/12,poggs,tsdbexplorer,n
kikijump/tslime.vim/6,kikijump,tslime.vim,n
andrusha/tumblr-shortcuts/5,andrusha,tumblr-shortcuts,n
leonhandreke/turboolaf/2,leonhandreke,turboolaf,n
dbr/tvnamer/41,dbr,tvnamer,n
remy/twitterlib/2,remy,twitterlib,n
josephruscio/twke/12,josephruscio,twke,n
smira/txZMQ/10,smira,txZMQ,n
smira/txZMQ/11,smira,txZMQ,n
smira/txZMQ/12,smira,txZMQ,n
smira/txZMQ/6,smira,txZMQ,n
smira/txZMQ/8,smira,txZMQ,n
smira/txZMQ/9,smira,txZMQ,n
rjeschke/txtmark/5,rjeschke,txtmark,n
fernandotcl/udisks-glue/4,fernandotcl,udisks-glue,n
lsuits/ues/11,lsuits,ues,n
lsuits/ues/12,lsuits,ues,n
ninja/ui/45,ninja,ui,n
ninja/ui/46,ninja,ui,n
unify/unify/64,unify,unify,n
h1mesuke/unite-outline/29,h1mesuke,unite-outline,n
Shougo/unite.vim/92,Shougo,unite.vim,n
Shougo/unite.vim/93,Shougo,unite.vim,n
Shougo/unite.vim/94,Shougo,unite.vim,n
unknown-horizons/unknown-horizons/1368,unknown-horizons,unknown-horizons,n
dagwieers/unoconv/20,dagwieers,unoconv,n
uservoice/uservoice-iphone-sdk/22,uservoice,uservoice-iphone-sdk,n
mitchellh/vagrant/630,mitchellh,vagrant,n
mitchellh/vagrant/631,mitchellh,vagrant,n
vcr/vcr/123,vcr,vcr,n
codeinn/vcs/101,codeinn,vcs,n
jedi4ever/veewee/204,jedi4ever,veewee,n
bbangert/velruse/42,bbangert,velruse,n
grosser/vendorer/5,grosser,vendorer,n
serghey-rodin/vesta/26,serghey-rodin,vesta,n
romaframework/view-janiculum/9,romaframework,view-janiculum,n
jeetsukumaran/vim-buffergator/9,jeetsukumaran,vim-buffergator,n
Lokaltog/vim-powerline/12,Lokaltog,vim-powerline,n
garbas/vim-snipmate/78,garbas,vim-snipmate,n
timvisher/vimgolf/7,timvisher,vimgolf,n
timvisher/vimgolf/9,timvisher,vimgolf,n
racker/virgo/7,racker,virgo,n
ryanflannery/vitunes/21,ryanflannery,vitunes,n
praekelt/vumi/111,praekelt,vumi,n
praekelt/vumi/112,praekelt,vumi,n
praekelt/vumi/113,praekelt,vumi,n
praekelt/vumi/114,praekelt,vumi,n
brendonh/warp/17,brendonh,warp,n
unl/wdntemplates/163,unl,wdntemplates,n
aslakhellesoy/webbit/4,aslakhellesoy,webbit,n
syntropy/webreduce/2,syntropy,webreduce,n
theCrag/website/449,theCrag,website,n
lightspeedretail/webstore/188,lightspeedretail,webstore,n
mysociety/whatdotheyknow-theme/19,mysociety,whatdotheyknow-theme,n
wildfly/wildfly/1041,wildfly,wildfly,n
wildfly/wildfly/1042,wildfly,wildfly,n
wildfly/wildfly/1043,wildfly,wildfly,n
wildfly/wildfly/1044,wildfly,wildfly,n
wildfly/wildfly/1045,wildfly,wildfly,n
wildfly/wildfly/1046,wildfly,wildfly,n
wildfly/wildfly/1047,wildfly,wildfly,n
wildfly/wildfly/1048,wildfly,wildfly,n
wildfly/wildfly/1049,wildfly,wildfly,n
wildfly/wildfly/1050,wildfly,wildfly,n
mislav/will_paginate/218,mislav,will_paginate,n
mislav/will_paginate/219,mislav,will_paginate,n
patrickmmartin/winampremote/60,patrickmmartin,winampremote,n
patrickmmartin/winampremote/61,patrickmmartin,winampremote,n
dgud/wings/23,dgud,wings,n
antialize/wkhtmltopdf/9,antialize,wkhtmltopdf,n
sunaku/wmiirc/36,sunaku,wmiirc,n
mythmon/wok/54,mythmon,wok,n
wolips/wolips/62,wolips,wolips,n
wolips/wolips/63,wolips,wolips,n
wolips/wolips/64,wolips,wolips,n
wolips/wolips/65,wolips,wolips,n
wolips/wolips/66,wolips,wolips,n
wolips/wolips/67,wolips,wolips,n
wolips/wolips/68,wolips,wolips,n
wolips/wolips/69,wolips,wolips,n
wolips/wolips/70,wolips,wolips,n
wolips/wolips/71,wolips,wolips,n
wolips/wolips/72,wolips,wolips,n
wolips/wolips/73,wolips,wolips,n
wolips/wolips/74,wolips,wolips,n
wolips/wolips/75,wolips,wolips,n
wolips/wolips/77,wolips,wolips,n
wolips/wolips/78,wolips,wolips,n
woocommerce/woocommerce/475,woocommerce,woocommerce,n
woocommerce/woocommerce/476,woocommerce,woocommerce,n
welaika/wordless/41,welaika,wordless,n
scribu/wp-posts-to-posts/94,scribu,wp-posts-to-posts,n
crowdfavorite/wp-social/36,crowdfavorite,wp-social,n
crowdfavorite/wp-social/37,crowdfavorite,wp-social,n
crowdfavorite/wp-social/38,crowdfavorite,wp-social,n
farinspace/wpalchemy/38,farinspace,wpalchemy,n
wraith/wraith/9,wraith,wraith,n
xing/wysihtml5/13,xing,wysihtml5,y
opdenkamp/xbmc/402,opdenkamp,xbmc,n
xbmc/xbmc/617,xbmc,xbmc,n
jenkinsci/xcode-plugin/4,jenkinsci,xcode-plugin,n
xapi-project/xen-api/438,xapi-project,xen-api,n
xapi-project/xen-api/439,xapi-project,xen-api,n
xen-org/xen-api/438,xen-org,xen-api,n
xen-org/xen-api/439,xen-org,xen-api,n
xp-framework/xp-contrib/6,xp-framework,xp-contrib,n
jnicklas/xpath/36,jnicklas,xpath,n
earldouglas/xsbt-web-plugin/67,earldouglas,xsbt-web-plugin,n
lloyd/yajl/68,lloyd,yajl,n
klacke/yaws/79,klacke,yaws,n
klacke/yaws/80,klacke,yaws,n
yesodweb/yesod/210,yesodweb,yesod,n
rg3/youtube-dl/269,rg3,youtube-dl,n
gilamonster/yuitest/1,gilamonster,yuitest,n
zendframework/zendframework/713,zendframework,zendframework,n
zendframework/zendframework/714,zendframework,zendframework,n
madrobby/zepto/368,madrobby,zepto,n
duckduckgo/zeroclickinfo-goodies/39,duckduckgo,zeroclickinfo-goodies,n
duckduckgo/zeroclickinfo-spice/10,duckduckgo,zeroclickinfo-spice,n
zfsonlinux/zfs/524,zfsonlinux,zfs,n
zfsonlinux/zfs/525,zfsonlinux,zfs,n
zotero/zotero/23,zotero,zotero,n
zotero/zotero/25,zotero,zotero,n
zotero/zotero/26,zotero,zotero,n
zotonic/zotonic/280,zotonic,zotonic,n
burstlam/zte-turies-35/2,burstlam,zte-turies-35,n
