_id,
2018-1-OSS-E4/18-1-SKKU-OSS/3,
312-Development/nielse63/166,
A3-Antistasi/A3Antistasi/57,
ARKStatsExtractor/cadon/850,
Adafruit_Python_BNO055/adafruit/7,
Aether-Legacy/Modding-Legacy/341,
All-the-Matrices-back-end/EricLScace/29,
Ant-Media-Server/ant-media/579,
AsyncDisplayKit/facebookarchive/2032,
AzureStorageExplorer/microsoft/1308,
BAR/aowen87/244,
BitFunnel/BitFunnel/115,
BotTest/samtstern/39,
Clementine/clementine-player/5606,
CoCEd/tmedwards/18,
Contentify/Contentify/398,
Corrupted/GameThemedGroup/5,
DSharpPlus/DSharpPlus/282,
Doomsday-Trail/AnthonyMarc23/1,
FastAdapter/mikepenz/695,
FastHub/k0shk0sh/2181,
Flexbones/roikles/61,
ForkHub/jonan/56,
FrameworkBenchmarks/TechEmpower/1024,
Fuzzymatcher.js/KyleAMathews/1,
GPMS/BoiseProjects/10,
GRDB.swift/groue/261,
GSM_AT_commands_parser/MaJerle/5,
GameController/RoboCup-Humanoid-TC/17,
Ghost-CLI/TryGhost/678,
GoMint/GoMint/406,
Google-Play-Music-Desktop-Player-UNOFFICIAL-/MarshallOfSound/2942,
HandBrake/HandBrake/1517,
HandBrake/HandBrake/1584,
HexEdit/strobejb/10,
HumTestData/humera987/1045,
Hygieia/Hygieia/1156,
IdentityServer4/IdentityServer/3306,
KGreencity_test/Kteamworks/3,
KnpMenu/KnpLabs/213,
Laravel-Excel/Maatwebsite/1768,
LearningMachineLearning/graceavery/1,
LightMarker2/NeilLi1992/3,
LiipFunctionalTestBundle/liip/328,
Logging-Level-Evolution-Plugin/ponder-lab/184,
METADATA.jl/JuliaLang/7295,
MyJavaLearningCode/nvkulkarni21/1,
NanoCore/NanoAdblocker/87,
NewFTCApp-iOS/FTChinese/2,
Nutrition/Harvesters/6,
OpenUpgrade/OCA/500,
Osmand/osmandapp/3663,
PHPCI/Block8/1234,
PMCADemo/ma1co/8,
PanDA-NGE/ATLAS-Titan/8,
Panoptes-Front-End/zooniverse/11,
PocketMine-MP/pmmp/1945,
PocketMine-MP/pmmp/2187,
PokemonGo-Web/PokemonGoF/118,
Polaris/PolarisSS13/4539,
PublicBikes/Lee-Nover/47,
PufferPanel/PufferPanel/142,
RasPlex/RasPlex/562,
RestSharp/restsharp/865,
RxSwift/ReactiveX/408,
Sabaki/SabakiHQ/341,
Semantic-UI-React/Semantic-Org/2550,
SevTech-Ages/DarkPacks/2607,
SevTech-Ages/DarkPacks/2977,
Signal-iOS/WhisperSystems/2540,
SwipeCellKit/SwipeCellKit/199,
TAW-Magazyn/SideswipeN7/16,
Telegram/DrKLO/1173,
Terra/ObliqueNET/137,
Terra/ObliqueNET/139,
TinkersConstruct/SlimeKnights/2590,
TotalFreedomMod/TotalFreedom/2004,
UKRegionTest/koorellasuresh/320092,
VanillaDeathChest/TheRandomLabs/11,
adaptive-images/CoolBreeze613/8,
anaconda-issues/ContinuumIO/5353,
android/cSploit/931,
angular-basics/kianaditya/64,
asmjit/asmjit/231,
asynqp/benjamin-hodgson/15,
babel-plugin-transform-currency-operators/scurker/6,
babel/babel/8432,
ballerina-lang/ballerina-platform/911,
bedtools2/arq5x/572,
bety/PecanProject/568,
bitconnectcoin/bitconnectcoin/65,
blackfriday/russross/538,
body-parser/expressjs/309,
btrfs/maharmstone/88,
bud/bloom-lang/232,
buildbot-infra/buildbot/101,
bundler/bundler/7037,
caniuse/Fyrd/4428,
carpetmod112/gnembon/39,
cdnjs/cdnjs/8137,
cedri/ipb-asi-dam/7,
centreon/centreon/884,
ceph/ceph/12105,
cerberus/NEU-Libraries/692,
charts/helm/404,
ci-phpunit-test/kenjis/151,
classroom/education/1678,
cleopatra/devtools-html/18,
coblocks/godaddy/485,
codechallenges/divinedragon/220,
coffeescript/jashkenas/4056,
cookiecutter-pypackage/audreyr/280,
cordova-plugin-purchase/j3k0/744,
cornice/Cornices/327,
cou-issues/ChildrenOfUr/1352,
couchdb/apache/1269,
courseplay/Courseplay/3219,
courseplay/Courseplay/3234,
courseplay/Courseplay/3245,
create-react-app/facebook/3586,
cryptsetup-deluks/kriswebdev/6,
data-api/ADI-Labs/72,
dataverse/IQSS/1513,
declarative-lookup-rollup-summaries/afawcett/149,
dev/nethesis/5435,
dialogflow-nodejs-client-v2/dialogflow/63,
diaspora/diaspora/7891,
django-fsm/kmmbvnr/201,
documentation/nextcloud/1142,
docxtemplater/open-xml-templating/184,
dovecot/mjhas/46,
dynalist_notify/edgeryders/18,
dynamorio/DynamoRIO/682,
editor-layer-index/osmlab/574,
eiffel-remrem-semantics/Ericsson/37,
electron/electron/17171,
emacs-evil-anzu/syohex/3,
ember-web-app/zonkyio/129,
enroll/dchbx/2592,
esx_policejob/ESX-Org/104,
explore/justina444/6,
flood/jfurrow/240,
flood/jfurrow/758,
for_testings/beubiJenkins/2305,
freeCodeCamp/freeCodeCamp/10163,
frp/fatedier/477,
full-stack-project/ga-wdi-boston/505,
fullcalendar/fullcalendar/3046,
gate/hunter-packages/2,
geowave/locationtech/1358,
getting-started-solution-template/exosite/16,
gobuffalo/gobuffalo/439,
godot/godotengine/28739,
grunt/gruntjs/1646,
habitat/habitat-sh/3853,
harvey/tschwecke/9,
hearlstone/manuel-delverme/5,
helm/helm/5439,
hockeyapp/shuhongwu/22840,
hockeyapp/shuhongwu/25780,
homebrew-bundle/Homebrew/308,
homebrew-cask/Homebrew/43171,
hoodie-app-tracker/hoodiehq/113,
hyperbox/hyperbox/10,
hyrise/hyrise/1602,
i2cdevlib/jrowberg/252,
icinga2-test/lazyfrosch-test/263,
ida-red/amtamayo/28,
image_inspector/TNRIS/80,
instabot.py/instabot-py/1979,
ionic-pwa-toolkit/ionic-team/22,
iroha/hyperledger/1251,
java-client/appium/621,
jeancflanagan/opattison/15,
jenkins/jenkinsci/2355,
jobs/TechnologyMasters/144,
js-gardener/simlu/148,
juice-shop/bkimminich/80,
khan-exercises/Khan/143523,
khan-exercises/Khan/148613,
khan-exercises/Khan/53850,
khan-exercises/Khan/80851,
kinbody_detector/personalrobotics/3,
langs/fluxbb/121,
largo/INN/1362,
libbtree/Kaboomboom3/1,
linq2db/linq2db/1490,
ludwig/uber/184,
main/CS2113-AY1819S1-T09-2/94,
mame/mamedev/4469,
mame/mamedev/4789,
mame/mamedev/4801,
manageiq/ManageIQ/1210,
mapbox-gl-js/mapbox/7158,
mapbox-studio-classic/mapbox/1083,
mapserver/mapserver/3147,
material-design-lite/google/4634,
matplotlib/matplotlib/14101,
minecraft-bugs/tryashtar/864,
minetest/minetest/1931,
modmail/kyb3r/49,
mojo/kraih/1236,
monassis-ticket-test/monassis-server/111,
mongoose/LearnBoost/1177,
monocular/helm/398,
msgpack-python/msgpack/305,
nav/UNINETT/142,
netmiko/ktbyers/1074,
new-website/cdnjs/216,
ngeo/camptocamp/3617,
ngx-customscrollbar/q2g/58,
node-re2/uhop/49,
nokogiri/sparklemotion/1709,
np/sindresorhus/185,
obs4MIPs-cmor-tables/PCMDI/59,
officer/davidgohel/141,
oh-my-zsh/robbyrussell/4069,
openDCIM/samilliken/1114,
openbmc/openbmc/1665,
openshot-qt/OpenShot/1619,
opensource-socialnetwork/opensource-socialnetwork/1365,
opentoonz/opentoonz/346,
openvpn-client/dperson/165,
oqimporta-theme/brasadesign/9,
organization/az-digitalag/7,
ownpass/ownpass/19,
periodicjs.ext.reactadmin/repetere/59,
phase-0/phase-0/140,
pipeline-issues/daisy-consortium/158,
piwik/piwik/3405,
platform/ngrx/1248,
platform/ngrx/1254,
playpen/thestinger/20,
prideR/PRIDE-R/13,
primitive/haskell/71,
pro-react-study/chungheepark/1,
pulWifi/pulWifi/48639,
purplapp/purplapp/64,
pycodestyle/PyCQA/703,
pyinstaller/pyinstaller/3160,
pypi-legacy/pypa/759,
python-sdk/leancloud/289,
qTox/tux3/425,
qTox/tux3/600,
rack/rack/1016,
react-devtools-experimental/bvaughn/83,
react-helmet/nfl/373,
react-image-lightbox/frontend-collective/99,
react-only-intern-23/GroceriStar/80,
react-popper/FezVrasta/111,
react/facebook/7245,
redmine_didyoumean/abahgat/15,
registry/npm/244,
reportbook/Jimdo/506,
rippled/ripple/2241,
rpki.net/dragonresearch/198,
rubyzip/rubyzip/307,
sauron/sauron-demo/28734,
sciencefair/codeforscience/50,
screensaver.asteroids/notspiff/9,
scripts/nroberts-trulia/253,
scylla/scylladb/2549,
sdk/dart-lang/12463,
sdk/dart-lang/19223,
securitySystemPro/hbomb79/538,
sequelize-typescript/RobinBuschmann/359,
serverless-stack-com/AnomalyInnovations/63,
shinemoon.github.io/shinemoon/1,
shinymaterial/ericrayanderson/46,
shlink/shlinkio/210,
sickrage-issues/SiCKRAGETV/205,
simple-carousel/scottalexandra/1,
skaffold/GoogleCloudPlatform/190,
skylighting/jgm/55,
spark/perwendel/1020,
spr-issue-migration-test-2/rstoyanchev/13236,
spring-security-migrate-issues/rwinch/1169,
stls-mobile-app/smart-traffic-light-system/12,
svg-material-icons/rcotrina94/1,
system_tests/ros2/56,
systemd/systemd/3162,
tabulator/olifolkerd/1756,
taurus/taurus-org/137,
termux-packages/termux/2735,
tern-lint/angelozerr/39,
test/tcatche/234,
think/top-think/840,
tickettest1/kbower/2770,
tracks/TracksApp/1155,
travis-ci/travis-ci/6976,
tutorials/ElenaShadskaja/4072,
tweakCompatible/jlippold/89371,
twitter-refresh/andrewjkerr/7,
ursa/quartzjer/73,
vagrant-riak-cluster/hectcastro/2,
viewer-sinatra/everypolitician/2550,
vscode/Microsoft/14668,
vsts-dotnet-samples/Microsoft/171,
web-cse440-au15/uwcse440/105,
webpack-stream/shama/199,
windowsserverdocs/MicrosoftDocs/1023,
windowsserverdocs/MicrosoftDocs/1615,
witcher3map/witcher3map/84,
wpml-page-builders-gutenberg/OnTheGoSystems/44,
xml2csv/wmfs/11,
xregexp/slevithan/146,
zfs/zfsonlinux/7861,
zfs/zfsonlinux/7960,
zfs/zfsonlinux/8259,
,